00000000000111111000111111111
00000000000111111100011111111
00000000000111111110001111111
00000000000111111111000111111
00000000001011111100011111111
00000000001011111110001111111
00000000001011111111000111111
00000000001101111100011111111
00000000001101111110001111111
00000000001101111111000111111
00000000001110111100011111111
00000000001110111110001111111
00000000001110111111000111111
00000000001111011100011111111
00000000001111011110001111111
00000000001111011111000111111
00000000001111101100011111111
00000000001111101110001111111
00000000001111101111000111111
00000000001111110001011111111
00000000001111110001101111111
00000000001111110001110111111
00000000001111110001111011111
00000000001111110001111101111
00000000001111110001111110111
00000000001111110001111111011
00000000001111110001111111101
00000000001111110010011111111
00000000001111110100011111111
00000000001111110110001111111
00000000001111110111000111111
00000000001111111000011111111
00000000001111111000101111111
00000000001111111000110111111
00000000001111111000111011111
00000000001111111000111101111
00000000001111111000111110111
00000000001111111000111111011
00000000001111111000111111101
00000000001111111001001111111
00000000001111111010001111111
00000000001111111011000111111
00000000001111111100001111111
00000000001111111100010111111
00000000001111111100011011111
00000000001111111100011101111
00000000001111111100011110111
00000000001111111100011111011
00000000001111111100011111101
00000000001111111100100111111
00000000001111111101000111111
00000000010011111100011111111
00000000010011111110001111111
00000000010011111111000111111
00000000010101111110001111111
00000000010101111111000111111
00000000010110111110001111111
00000000010110111111000111111
00000000010111011110001111111
00000000010111011111000111111
00000000010111101110001111111
00000000010111101111000111111
00000000010111110110001111111
00000000010111110111000111111
00000000010111111000101111111
00000000010111111000110111111
00000000010111111000111011111
00000000010111111000111101111
00000000010111111000111110111
00000000010111111000111111011
00000000010111111000111111101
00000000010111111001001111111
00000000010111111010001111111
00000000010111111011000111111
00000000010111111100001111111
00000000010111111100010111111
00000000010111111100011011111
00000000010111111100011101111
00000000010111111100011110111
00000000010111111100011111011
00000000010111111100011111101
00000000010111111100100111111
00000000010111111101000111111
00000000011001111110001111111
00000000011001111111000111111
00000000011010111110001111111
00000000011010111111000111111
00000000011011011110001111111
00000000011011011111000111111
00000000011011101110001111111
00000000011011101111000111111
00000000011011110110001111111
00000000011011110111000111111
00000000011011111000101111111
00000000011011111000110111111
00000000011011111000111011111
00000000011011111000111101111
00000000011011111000111110111
00000000011011111000111111011
00000000011011111000111111101
00000000011011111001001111111
00000000011011111010001111111
00000000011011111011000111111
00000000011011111100001111111
00000000011011111100010111111
00000000011011111100011011111
00000000011011111100011101111
00000000011011111100011110111
00000000011011111100011111011
00000000011011111100011111101
00000000011011111100100111111
00000000011011111101000111111
00000000011100000111111111111
00000000011100111110001111111
00000000011100111111000111111
00000000011101011110001111111
00000000011101011111000111111
00000000011101101110001111111
00000000011101101111000111111
00000000011101110110001111111
00000000011101110111000111111
00000000011101111000101111111
00000000011101111000110111111
00000000011101111000111011111
00000000011101111000111101111
00000000011101111000111110111
00000000011101111000111111011
00000000011101111000111111101
00000000011101111001001111111
00000000011101111010001111111
00000000011101111011000111111
00000000011101111100001111111
00000000011101111100010111111
00000000011101111100011011111
00000000011101111100011101111
00000000011101111100011110111
00000000011101111100011111011
00000000011101111100011111101
00000000011101111100100111111
00000000011101111101000111111
00000000011110011110001111111
00000000011110011111000111111
00000000011110101110001111111
00000000011110101111000111111
00000000011110110110001111111
00000000011110110111000111111
00000000011110111000101111111
00000000011110111000110111111
00000000011110111000111011111
00000000011110111000111101111
00000000011110111000111110111
00000000011110111000111111011
00000000011110111000111111101
00000000011110111001001111111
00000000011110111010001111111
00000000011110111011000111111
00000000011110111100001111111
00000000011110111100010111111
00000000011110111100011011111
00000000011110111100011101111
00000000011110111100011110111
00000000011110111100011111011
00000000011110111100011111101
00000000011110111100100111111
00000000011110111101000111111
00000000011111001110001111111
00000000011111001111000111111
00000000011111010110001111111
00000000011111010111000111111
00000000011111011000101111111
00000000011111011000110111111
00000000011111011000111011111
00000000011111011000111101111
00000000011111011000111110111
00000000011111011000111111011
00000000011111011000111111101
00000000011111011001001111111
00000000011111011010001111111
00000000011111011011000111111
00000000011111011100001111111
00000000011111011100010111111
00000000011111011100011011111
00000000011111011100011101111
00000000011111011100011110111
00000000011111011100011111011
00000000011111011100011111101
00000000011111011100100111111
00000000011111011101000111111
00000000011111100010101111111
00000000011111100010110111111
00000000011111100010111011111
00000000011111100010111101111
00000000011111100010111110111
00000000011111100010111111011
00000000011111100010111111101
00000000011111100011001111111
00000000011111100011010111111
00000000011111100011011011111
00000000011111100011011101111
00000000011111100011011110111
00000000011111100011011111011
00000000011111100011011111101
00000000011111100011100111111
00000000011111100011101011111
00000000011111100011101101111
00000000011111100011101110111
00000000011111100011101111011
00000000011111100011101111101
00000000011111100011110011111
00000000011111100011110101111
00000000011111100011110110111
00000000011111100011110111011
00000000011111100011110111101
00000000011111100011111001111
00000000011111100011111010111
00000000011111100011111011011
00000000011111100011111011101
00000000011111100011111100111
00000000011111100011111101011
00000000011111100011111101101
00000000011111100011111110011
00000000011111100011111110101
00000000011111100011111111001
00000000011111100100101111111
00000000011111100100110111111
00000000011111100100111011111
00000000011111100100111101111
00000000011111100100111110111
00000000011111100100111111011
00000000011111100100111111101
00000000011111100101001111111
00000000011111100110001111111
00000000011111100111000111111
00000000011111101000101111111
00000000011111101000110111111
00000000011111101000111011111
00000000011111101000111101111
00000000011111101000111110111
00000000011111101000111111011
00000000011111101000111111101
00000000011111101001001111111
00000000011111101010001111111
00000000011111101011000111111
00000000011111101100001111111
00000000011111101100010111111
00000000011111101100011011111
00000000011111101100011101111
00000000011111101100011110111
00000000011111101100011111011
00000000011111101100011111101
00000000011111101100100111111
00000000011111101101000111111
00000000011111110000101111111
00000000011111110000110111111
00000000011111110000111011111
00000000011111110000111101111
00000000011111110000111110111
00000000011111110000111111011
00000000011111110000111111101
00000000011111110001001111111
00000000011111110001010111111
00000000011111110001011011111
00000000011111110001011101111
00000000011111110001011110111
00000000011111110001011111011
00000000011111110001011111101
00000000011111110001100111111
00000000011111110001101011111
00000000011111110001101101111
00000000011111110001101110111
00000000011111110001101111011
00000000011111110001101111101
00000000011111110001110011111
00000000011111110001110101111
00000000011111110001110110111
00000000011111110001110111011
00000000011111110001110111101
00000000011111110001111001111
00000000011111110001111010111
00000000011111110001111011011
00000000011111110001111011101
00000000011111110001111100111
00000000011111110001111101011
00000000011111110001111101101
00000000011111110001111110011
00000000011111110001111110101
00000000011111110001111111001
00000000011111110010001111111
00000000011111110010010111111
00000000011111110010011011111
00000000011111110010011101111
00000000011111110010011110111
00000000011111110010011111011
00000000011111110010011111101
00000000011111110010100111111
00000000011111110011000111111
00000000011111110100001111111
00000000011111110100010111111
00000000011111110100011011111
00000000011111110100011101111
00000000011111110100011110111
00000000011111110100011111011
00000000011111110100011111101
00000000011111110100100111111
00000000011111110101000111111
00000000011111111000111111001
00000000011111111111100000111
00000000100011111100011111111
00000000100011111110001111111
00000000100011111111000111111
00000000100101111110001111111
00000000100101111111000111111
00000000100110111110001111111
00000000100110111111000111111
00000000100111011110001111111
00000000100111011111000111111
00000000100111101110001111111
00000000100111101111000111111
00000000100111110110001111111
00000000100111110111000111111
00000000100111111000101111111
00000000100111111000110111111
00000000100111111000111011111
00000000100111111000111101111
00000000100111111000111110111
00000000100111111000111111011
00000000100111111000111111101
00000000100111111001001111111
00000000100111111010001111111
00000000100111111011000111111
00000000100111111100001111111
00000000100111111100010111111
00000000100111111100011011111
00000000100111111100011101111
00000000100111111100011110111
00000000100111111100011111011
00000000100111111100011111101
00000000100111111100100111111
00000000100111111101000111111
00000000101001111110001111111
00000000101001111111000111111
00000000101010111111000111111
00000000101011011111000111111
00000000101011101111000111111
00000000101011110111000111111
00000000101011111011000111111
00000000101011111100010111111
00000000101011111100011011111
00000000101011111100011101111
00000000101011111100011110111
00000000101011111100011111011
00000000101011111100011111101
00000000101011111100100111111
00000000101011111101000111111
00000000101100111111000111111
00000000101101011111000111111
00000000101101101111000111111
00000000101101110111000111111
00000000101101111011000111111
00000000101101111100010111111
00000000101101111100011011111
00000000101101111100011101111
00000000101101111100011110111
00000000101101111100011111011
00000000101101111100011111101
00000000101101111100100111111
00000000101101111101000111111
00000000101110000011111111111
00000000101110011111000111111
00000000101110101111000111111
00000000101110110111000111111
00000000101110111011000111111
00000000101110111100010111111
00000000101110111100011011111
00000000101110111100011101111
00000000101110111100011110111
00000000101110111100011111011
00000000101110111100011111101
00000000101110111100100111111
00000000101110111101000111111
00000000101111001111000111111
00000000101111010111000111111
00000000101111011011000111111
00000000101111011100010111111
00000000101111011100011011111
00000000101111011100011101111
00000000101111011100011110111
00000000101111011100011111011
00000000101111011100011111101
00000000101111011100100111111
00000000101111011101000111111
00000000101111100111000111111
00000000101111101011000111111
00000000101111101100010111111
00000000101111101100011011111
00000000101111101100011101111
00000000101111101100011110111
00000000101111101100011111011
00000000101111101100011111101
00000000101111101100100111111
00000000101111101101000111111
00000000101111110001010111111
00000000101111110001011011111
00000000101111110001011101111
00000000101111110001011110111
00000000101111110001011111011
00000000101111110001011111101
00000000101111110001100111111
00000000101111110001101011111
00000000101111110001101101111
00000000101111110001101110111
00000000101111110001101111011
00000000101111110001101111101
00000000101111110001110011111
00000000101111110001110101111
00000000101111110001110110111
00000000101111110001110111011
00000000101111110001110111101
00000000101111110001111001111
00000000101111110001111010111
00000000101111110001111011011
00000000101111110001111011101
00000000101111110001111100111
00000000101111110001111101011
00000000101111110001111101101
00000000101111110001111110011
00000000101111110001111110101
00000000101111110001111111001
00000000101111110010010111111
00000000101111110010011011111
00000000101111110010011101111
00000000101111110010011110111
00000000101111110010011111011
00000000101111110010011111101
00000000101111110010100111111
00000000101111110011000111111
00000000101111110100010111111
00000000101111110100011011111
00000000101111110100011101111
00000000101111110100011110111
00000000101111110100011111011
00000000101111110100011111101
00000000101111110100100111111
00000000101111110101000111111
00000000101111111000111111001
00000000101111111111100000111
00000000110001111110001111111
00000000110001111111000111111
00000000110010111111000111111
00000000110011011111000111111
00000000110011101111000111111
00000000110011110111000111111
00000000110011111011000111111
00000000110011111100010111111
00000000110011111100011011111
00000000110011111100011101111
00000000110011111100011110111
00000000110011111100011111011
00000000110011111100011111101
00000000110011111100100111111
00000000110011111101000111111
00000000110100111111000111111
00000000110101011111000111111
00000000110101101111000111111
00000000110101110111000111111
00000000110101111011000111111
00000000110101111100010111111
00000000110101111100011011111
00000000110101111100011101111
00000000110101111100011110111
00000000110101111100011111011
00000000110101111100011111101
00000000110101111100100111111
00000000110101111101000111111
00000000110110000011111111111
00000000110110011111000111111
00000000110110101111000111111
00000000110110110111000111111
00000000110110111011000111111
00000000110110111100010111111
00000000110110111100011011111
00000000110110111100011101111
00000000110110111100011110111
00000000110110111100011111011
00000000110110111100011111101
00000000110110111100100111111
00000000110110111101000111111
00000000110111001111000111111
00000000110111010111000111111
00000000110111011011000111111
00000000110111011100010111111
00000000110111011100011011111
00000000110111011100011101111
00000000110111011100011110111
00000000110111011100011111011
00000000110111011100011111101
00000000110111011100100111111
00000000110111011101000111111
00000000110111100111000111111
00000000110111101011000111111
00000000110111101100010111111
00000000110111101100011011111
00000000110111101100011101111
00000000110111101100011110111
00000000110111101100011111011
00000000110111101100011111101
00000000110111101100100111111
00000000110111101101000111111
00000000110111110001010111111
00000000110111110001011011111
00000000110111110001011101111
00000000110111110001011110111
00000000110111110001011111011
00000000110111110001011111101
00000000110111110001100111111
00000000110111110001101011111
00000000110111110001101101111
00000000110111110001101110111
00000000110111110001101111011
00000000110111110001101111101
00000000110111110001110011111
00000000110111110001110101111
00000000110111110001110110111
00000000110111110001110111011
00000000110111110001110111101
00000000110111110001111001111
00000000110111110001111010111
00000000110111110001111011011
00000000110111110001111011101
00000000110111110001111100111
00000000110111110001111101011
00000000110111110001111101101
00000000110111110001111110011
00000000110111110001111110101
00000000110111110001111111001
00000000110111110010010111111
00000000110111110010011011111
00000000110111110010011101111
00000000110111110010011110111
00000000110111110010011111011
00000000110111110010011111101
00000000110111110010100111111
00000000110111110011000111111
00000000110111110100010111111
00000000110111110100011011111
00000000110111110100011101111
00000000110111110100011110111
00000000110111110100011111011
00000000110111110100011111101
00000000110111110100100111111
00000000110111110101000111111
00000000110111111000111111001
00000000110111111111100000111
00000000111000000111111111111
00000000111000001011111111111
00000000111000001101111111111
00000000111000001110111111111
00000000111000001111110111111
00000000111000001111111011111
00000000111000001111111101111
00000000111000001111111110111
00000000111000001111111111011
00000000111000001111111111101
00000000111000010011111111111
00000000111000100011111111111
00000000111000111111000111111
00000000111001000011111111111
00000000111001011111000111111
00000000111001101111000111111
00000000111001110111000111111
00000000111001111011000111111
00000000111001111100010111111
00000000111001111100011011111
00000000111001111100011101111
00000000111001111100011110111
00000000111001111100011111011
00000000111001111100011111101
00000000111001111100100111111
00000000111001111101000111111
00000000111010000011111111111
00000000111010011111000111111
00000000111010101111000111111
00000000111010110111000111111
00000000111010111011000111111
00000000111010111100010111111
00000000111010111100011011111
00000000111010111100011101111
00000000111010111100011110111
00000000111010111100011111011
00000000111010111100011111101
00000000111010111100100111111
00000000111010111101000111111
00000000111011001111000111111
00000000111011010111000111111
00000000111011011011000111111
00000000111011011100010111111
00000000111011011100011011111
00000000111011011100011101111
00000000111011011100011110111
00000000111011011100011111011
00000000111011011100011111101
00000000111011011100100111111
00000000111011011101000111111
00000000111011100111000111111
00000000111011101011000111111
00000000111011101100010111111
00000000111011101100011011111
00000000111011101100011101111
00000000111011101100011110111
00000000111011101100011111011
00000000111011101100011111101
00000000111011101100100111111
00000000111011101101000111111
00000000111011110001010111111
00000000111011110001011011111
00000000111011110001011101111
00000000111011110001011110111
00000000111011110001011111011
00000000111011110001011111101
00000000111011110001100111111
00000000111011110001101011111
00000000111011110001101101111
00000000111011110001101110111
00000000111011110001101111011
00000000111011110001101111101
00000000111011110001110011111
00000000111011110001110101111
00000000111011110001110110111
00000000111011110001110111011
00000000111011110001110111101
00000000111011110001111001111
00000000111011110001111010111
00000000111011110001111011011
00000000111011110001111011101
00000000111011110001111100111
00000000111011110001111101011
00000000111011110001111101101
00000000111011110001111110011
00000000111011110001111110101
00000000111011110001111111001
00000000111011110010010111111
00000000111011110010011011111
00000000111011110010011101111
00000000111011110010011110111
00000000111011110010011111011
00000000111011110010011111101
00000000111011110010100111111
00000000111011110011000111111
00000000111011110100010111111
00000000111011110100011011111
00000000111011110100011101111
00000000111011110100011110111
00000000111011110100011111011
00000000111011110100011111101
00000000111011110100100111111
00000000111011110101000111111
00000000111011111000111111001
00000000111011111111100000111
00000000111100000011111111111
00000000111100011111000111111
00000000111100101111000111111
00000000111100110111000111111
00000000111100111011000111111
00000000111100111100010111111
00000000111100111100011011111
00000000111100111100011101111
00000000111100111100011110111
00000000111100111100011111011
00000000111100111100011111101
00000000111100111100100111111
00000000111100111101000111111
00000000111101001111000111111
00000000111101010111000111111
00000000111101011011000111111
00000000111101011100010111111
00000000111101011100011011111
00000000111101011100011101111
00000000111101011100011110111
00000000111101011100011111011
00000000111101011100011111101
00000000111101011100100111111
00000000111101011101000111111
00000000111101100111000111111
00000000111101101011000111111
00000000111101101100010111111
00000000111101101100011011111
00000000111101101100011101111
00000000111101101100011110111
00000000111101101100011111011
00000000111101101100011111101
00000000111101101100100111111
00000000111101101101000111111
00000000111101110001010111111
00000000111101110001011011111
00000000111101110001011101111
00000000111101110001011110111
00000000111101110001011111011
00000000111101110001011111101
00000000111101110001100111111
00000000111101110001101011111
00000000111101110001101101111
00000000111101110001101110111
00000000111101110001101111011
00000000111101110001101111101
00000000111101110001110011111
00000000111101110001110101111
00000000111101110001110110111
00000000111101110001110111011
00000000111101110001110111101
00000000111101110001111001111
00000000111101110001111010111
00000000111101110001111011011
00000000111101110001111011101
00000000111101110001111100111
00000000111101110001111101011
00000000111101110001111101101
00000000111101110001111110011
00000000111101110001111110101
00000000111101110001111111001
00000000111101110010010111111
00000000111101110010011011111
00000000111101110010011101111
00000000111101110010011110111
00000000111101110010011111011
00000000111101110010011111101
00000000111101110010100111111
00000000111101110011000111111
00000000111101110100010111111
00000000111101110100011011111
00000000111101110100011101111
00000000111101110100011110111
00000000111101110100011111011
00000000111101110100011111101
00000000111101110100100111111
00000000111101110101000111111
00000000111101111000111111001
00000000111101111111100000111
00000000111110001111000111111
00000000111110001111100011111
00000000111110010111000111111
00000000111110011011000111111
00000000111110011100010111111
00000000111110011100011011111
00000000111110011100011101111
00000000111110011100011110111
00000000111110011100011111011
00000000111110011100011111101
00000000111110011100100111111
00000000111110011101000111111
00000000111110100111000111111
00000000111110101011000111111
00000000111110101100010111111
00000000111110101100011011111
00000000111110101100011101111
00000000111110101100011110111
00000000111110101100011111011
00000000111110101100011111101
00000000111110101100100111111
00000000111110101101000111111
00000000111110110001010111111
00000000111110110001011011111
00000000111110110001011101111
00000000111110110001011110111
00000000111110110001011111011
00000000111110110001011111101
00000000111110110001100111111
00000000111110110001101011111
00000000111110110001101101111
00000000111110110001101110111
00000000111110110001101111011
00000000111110110001101111101
00000000111110110001110011111
00000000111110110001110101111
00000000111110110001110110111
00000000111110110001110111011
00000000111110110001110111101
00000000111110110001111001111
00000000111110110001111010111
00000000111110110001111011011
00000000111110110001111011101
00000000111110110001111100111
00000000111110110001111101011
00000000111110110001111101101
00000000111110110001111110011
00000000111110110001111110101
00000000111110110001111111001
00000000111110110010010111111
00000000111110110010011011111
00000000111110110010011101111
00000000111110110010011110111
00000000111110110010011111011
00000000111110110010011111101
00000000111110110010100111111
00000000111110110011000111111
00000000111110110100010111111
00000000111110110100011011111
00000000111110110100011101111
00000000111110110100011110111
00000000111110110100011111011
00000000111110110100011111101
00000000111110110100100111111
00000000111110110101000111111
00000000111110111000111111001
00000000111110111111100000111
00000000111111000101010111111
00000000111111000101011011111
00000000111111000101011101111
00000000111111000101011110111
00000000111111000101011111011
00000000111111000101011111101
00000000111111000101100111111
00000000111111000101101011111
00000000111111000101101101111
00000000111111000101101110111
00000000111111000101101111011
00000000111111000101101111101
00000000111111000101110011111
00000000111111000101110101111
00000000111111000101110110111
00000000111111000101110111011
00000000111111000101110111101
00000000111111000101111001111
00000000111111000101111010111
00000000111111000101111011011
00000000111111000101111011101
00000000111111000101111100111
00000000111111000101111101011
00000000111111000101111101101
00000000111111000101111110011
00000000111111000101111110101
00000000111111000101111111001
00000000111111000110010111111
00000000111111000110011011111
00000000111111000110011101111
00000000111111000110011110111
00000000111111000110011111011
00000000111111000110011111101
00000000111111000110100111111
00000000111111000110101011111
00000000111111000110101101111
00000000111111000110101110111
00000000111111000110101111011
00000000111111000110101111101
00000000111111000110110011111
00000000111111000110110101111
00000000111111000110110110111
00000000111111000110110111011
00000000111111000110110111101
00000000111111000110111001111
00000000111111000110111010111
00000000111111000110111011011
00000000111111000110111011101
00000000111111000110111100111
00000000111111000110111101011
00000000111111000110111101101
00000000111111000110111110011
00000000111111000110111110101
00000000111111000110111111001
00000000111111000111000111111
00000000111111000111001011111
00000000111111000111001101111
00000000111111000111001110111
00000000111111000111001111011
00000000111111000111001111101
00000000111111000111010011111
00000000111111000111010101111
00000000111111000111010110111
00000000111111000111010111011
00000000111111000111010111101
00000000111111000111011001111
00000000111111000111011010111
00000000111111000111011011011
00000000111111000111011011101
00000000111111000111011100111
00000000111111000111011101011
00000000111111000111011101101
00000000111111000111011110011
00000000111111000111011110101
00000000111111000111011111001
00000000111111000111100011111
00000000111111000111100101111
00000000111111000111100110111
00000000111111000111100111011
00000000111111000111100111101
00000000111111000111101001111
00000000111111000111101010111
00000000111111000111101011011
00000000111111000111101011101
00000000111111000111101100111
00000000111111000111101101011
00000000111111000111101101101
00000000111111000111101110011
00000000111111000111101110101
00000000111111000111101111001
00000000111111000111110001111
00000000111111000111110010111
00000000111111000111110011011
00000000111111000111110011101
00000000111111000111110100111
00000000111111000111110101011
00000000111111000111110101101
00000000111111000111110110011
00000000111111000111110110101
00000000111111000111110111001
00000000111111000111111000111
00000000111111000111111001011
00000000111111000111111001101
00000000111111000111111010011
00000000111111000111111010101
00000000111111000111111011001
00000000111111000111111100011
00000000111111000111111100101
00000000111111000111111101001
00000000111111000111111110001
00000000111111001001010111111
00000000111111001001011011111
00000000111111001001011101111
00000000111111001001011110111
00000000111111001001011111011
00000000111111001001011111101
00000000111111001001100111111
00000000111111001001101011111
00000000111111001001101101111
00000000111111001001101110111
00000000111111001001101111011
00000000111111001001101111101
00000000111111001001110011111
00000000111111001001110101111
00000000111111001001110110111
00000000111111001001110111011
00000000111111001001110111101
00000000111111001001111001111
00000000111111001001111010111
00000000111111001001111011011
00000000111111001001111011101
00000000111111001001111100111
00000000111111001001111101011
00000000111111001001111101101
00000000111111001001111110011
00000000111111001001111110101
00000000111111001001111111001
00000000111111001010010111111
00000000111111001010011011111
00000000111111001010011101111
00000000111111001010011110111
00000000111111001010011111011
00000000111111001010011111101
00000000111111001010100111111
00000000111111001011000111111
00000000111111001100010111111
00000000111111001100011011111
00000000111111001100011101111
00000000111111001100011110111
00000000111111001100011111011
00000000111111001100011111101
00000000111111001100100111111
00000000111111001101000111111
00000000111111010001010111111
00000000111111010001011011111
00000000111111010001011101111
00000000111111010001011110111
00000000111111010001011111011
00000000111111010001011111101
00000000111111010001100111111
00000000111111010001101011111
00000000111111010001101101111
00000000111111010001101110111
00000000111111010001101111011
00000000111111010001101111101
00000000111111010001110011111
00000000111111010001110101111
00000000111111010001110110111
00000000111111010001110111011
00000000111111010001110111101
00000000111111010001111001111
00000000111111010001111010111
00000000111111010001111011011
00000000111111010001111011101
00000000111111010001111100111
00000000111111010001111101011
00000000111111010001111101101
00000000111111010001111110011
00000000111111010001111110101
00000000111111010001111111001
00000000111111010010010111111
00000000111111010010011011111
00000000111111010010011101111
00000000111111010010011110111
00000000111111010010011111011
00000000111111010010011111101
00000000111111010010100111111
00000000111111010011000111111
00000000111111010100010111111
00000000111111010100011011111
00000000111111010100011101111
00000000111111010100011110111
00000000111111010100011111011
00000000111111010100011111101
00000000111111010100100111111
00000000111111010101000111111
00000000111111011000111111001
00000000111111011111100000111
00000000111111100001111111001
00000000111111100010111111001
00000000111111100011011111001
00000000111111100011101111001
00000000111111100011110111001
00000000111111100011111011001
00000000111111100011111100011
00000000111111100011111100101
00000000111111100011111101001
00000000111111100011111110001
00000000111111100100111111001
00000000111111101000111111001
00000000111111110001111110001
00000000111111111011100000111
00000000111111111101100000111
00000000111111111110000001111
00000000111111111110000010111
00000000111111111110000011011
00000000111111111110000011101
00000000111111111110000100111
00000000111111111110001000111
00000000111111111110010000111
00000000111111111110100000111
00000000111111111111000000111
00000001000011111110001111111
00000001000011111111000111111
00000001000101111110001111111
00000001000101111111000111111
00000001000110111110001111111
00000001000110111111000111111
00000001000111011110001111111
00000001000111011111000111111
00000001000111101110001111111
00000001000111101111000111111
00000001000111110110001111111
00000001000111110111000111111
00000001000111111000101111111
00000001000111111000110111111
00000001000111111000111011111
00000001000111111000111101111
00000001000111111000111110111
00000001000111111000111111011
00000001000111111000111111101
00000001000111111001001111111
00000001000111111010001111111
00000001000111111011000111111
00000001000111111100001111111
00000001000111111100010111111
00000001000111111100011011111
00000001000111111100011101111
00000001000111111100011110111
00000001000111111100011111011
00000001000111111100011111101
00000001000111111100100111111
00000001000111111101000111111
00000001001001111110001111111
00000001001001111111000111111
00000001001010111111000111111
00000001001011011111000111111
00000001001011101111000111111
00000001001011110111000111111
00000001001011111011000111111
00000001001011111100010111111
00000001001011111100011011111
00000001001011111100011101111
00000001001011111100011110111
00000001001011111100011111011
00000001001011111100011111101
00000001001011111100100111111
00000001001011111101000111111
00000001001100111111000111111
00000001001101011111000111111
00000001001101101111000111111
00000001001101110111000111111
00000001001101111011000111111
00000001001101111100010111111
00000001001101111100011011111
00000001001101111100011101111
00000001001101111100011110111
00000001001101111100011111011
00000001001101111100011111101
00000001001101111100100111111
00000001001101111101000111111
00000001001110000011111111111
00000001001110011111000111111
00000001001110101111000111111
00000001001110110111000111111
00000001001110111011000111111
00000001001110111100010111111
00000001001110111100011011111
00000001001110111100011101111
00000001001110111100011110111
00000001001110111100011111011
00000001001110111100011111101
00000001001110111100100111111
00000001001110111101000111111
00000001001111001111000111111
00000001001111010111000111111
00000001001111011011000111111
00000001001111011100010111111
00000001001111011100011011111
00000001001111011100011101111
00000001001111011100011110111
00000001001111011100011111011
00000001001111011100011111101
00000001001111011100100111111
00000001001111011101000111111
00000001001111100111000111111
00000001001111101011000111111
00000001001111101100010111111
00000001001111101100011011111
00000001001111101100011101111
00000001001111101100011110111
00000001001111101100011111011
00000001001111101100011111101
00000001001111101100100111111
00000001001111101101000111111
00000001001111110001010111111
00000001001111110001011011111
00000001001111110001011101111
00000001001111110001011110111
00000001001111110001011111011
00000001001111110001011111101
00000001001111110001100111111
00000001001111110001101011111
00000001001111110001101101111
00000001001111110001101110111
00000001001111110001101111011
00000001001111110001101111101
00000001001111110001110011111
00000001001111110001110101111
00000001001111110001110110111
00000001001111110001110111011
00000001001111110001110111101
00000001001111110001111001111
00000001001111110001111010111
00000001001111110001111011011
00000001001111110001111011101
00000001001111110001111100111
00000001001111110001111101011
00000001001111110001111101101
00000001001111110001111110011
00000001001111110001111110101
00000001001111110001111111001
00000001001111110010010111111
00000001001111110010011011111
00000001001111110010011101111
00000001001111110010011110111
00000001001111110010011111011
00000001001111110010011111101
00000001001111110010100111111
00000001001111110011000111111
00000001001111110100010111111
00000001001111110100011011111
00000001001111110100011101111
00000001001111110100011110111
00000001001111110100011111011
00000001001111110100011111101
00000001001111110100100111111
00000001001111110101000111111
00000001001111111000111111001
00000001001111111111100000111
00000001010001111110001111111
00000001010001111111000111111
00000001010010111111000111111
00000001010011011111000111111
00000001010011101111000111111
00000001010011110111000111111
00000001010011111011000111111
00000001010011111100010111111
00000001010011111100011011111
00000001010011111100011101111
00000001010011111100011110111
00000001010011111100011111011
00000001010011111100011111101
00000001010011111100100111111
00000001010011111101000111111
00000001010100111111000111111
00000001010111000001111111111
00000001010111111000111111001
00000001010111111111100000111
00000001011000111111000111111
00000001011011000001111111111
00000001011011111000111111001
00000001011011111111100000111
00000001011100000011111111111
00000001011100000101111111111
00000001011100000110111111111
00000001011100000111011111111
00000001011100000111111011111
00000001011100000111111101111
00000001011100000111111110111
00000001011100000111111111011
00000001011100000111111111101
00000001011100001001111111111
00000001011100010001111111111
00000001011100100001111111111
00000001011101000001111111111
00000001011101111000111111001
00000001011101111111100000111
00000001011110000001111111111
00000001011110111000111111001
00000001011110111111100000111
00000001011111000111100011111
00000001011111011000111111001
00000001011111011111100000111
00000001011111100010111111001
00000001011111100011011111001
00000001011111100011101111001
00000001011111100011110111001
00000001011111100011111011001
00000001011111100011111100011
00000001011111100011111100101
00000001011111100011111101001
00000001011111100011111110001
00000001011111100100111111001
00000001011111101000111111001
00000001011111110001111110001
00000001011111111011100000111
00000001011111111101100000111
00000001011111111110000001111
00000001011111111110000010111
00000001011111111110000011011
00000001011111111110000011101
00000001011111111110000100111
00000001011111111110001000111
00000001011111111110010000111
00000001011111111110100000111
00000001011111111111000000111
00000001100001111111000111111
00000001100010111111000111111
00000001100011011111000111111
00000001100011101111000111111
00000001100011110111000111111
00000001100011111011000111111
00000001100011111100010111111
00000001100011111100011011111
00000001100011111100011101111
00000001100011111100011110111
00000001100011111100011111011
00000001100011111100011111101
00000001100011111100100111111
00000001100011111101000111111
00000001100100111111000111111
00000001100111000001111111111
00000001100111111000111111001
00000001100111111111100000111
00000001101000111111000111111
00000001101011000001111111111
00000001101011111000111111001
00000001101011111111100000111
00000001101100000011111111111
00000001101100000101111111111
00000001101100000110111111111
00000001101100000111011111111
00000001101100000111111011111
00000001101100000111111101111
00000001101100000111111110111
00000001101100000111111111011
00000001101100000111111111101
00000001101100001001111111111
00000001101100010001111111111
00000001101100100001111111111
00000001101101000001111111111
00000001101101111000111111001
00000001101101111111100000111
00000001101110000001111111111
00000001101110111000111111001
00000001101110111111100000111
00000001101111000111100011111
00000001101111011000111111001
00000001101111011111100000111
00000001101111100010111111001
00000001101111100011011111001
00000001101111100011101111001
00000001101111100011110111001
00000001101111100011111011001
00000001101111100011111100011
00000001101111100011111100101
00000001101111100011111101001
00000001101111100011111110001
00000001101111100100111111001
00000001101111101000111111001
00000001101111110001111110001
00000001101111111011100000111
00000001101111111101100000111
00000001101111111110000001111
00000001101111111110000010111
00000001101111111110000011011
00000001101111111110000011101
00000001101111111110000100111
00000001101111111110001000111
00000001101111111110010000111
00000001101111111110100000111
00000001101111111111000000111
00000001110000000111111111111
00000001110000001011111111111
00000001110000001101111111111
00000001110000001110111111111
00000001110000001111011111111
00000001110000001111111011111
00000001110000001111111101111
00000001110000001111111110111
00000001110000001111111111011
00000001110000001111111111101
00000001110000010011111111111
00000001110000010101111111111
00000001110000010110111111111
00000001110000010111011111111
00000001110000010111111011111
00000001110000010111111101111
00000001110000010111111110111
00000001110000010111111111011
00000001110000010111111111101
00000001110000011001111111111
00000001110000011010111111111
00000001110000011011011111111
00000001110000011011111011111
00000001110000011011111101111
00000001110000011011111110111
00000001110000011011111111011
00000001110000011011111111101
00000001110000011100111111111
00000001110000011101011111111
00000001110000011101111011111
00000001110000011101111101111
00000001110000011101111110111
00000001110000011101111111011
00000001110000011101111111101
00000001110000011111101011111
00000001110000011111101101111
00000001110000011111101110111
00000001110000011111101111011
00000001110000011111101111101
00000001110000011111110011111
00000001110000011111110101111
00000001110000011111110110111
00000001110000011111110111011
00000001110000011111110111101
00000001110000011111111001111
00000001110000011111111010111
00000001110000011111111011011
00000001110000011111111011101
00000001110000011111111100111
00000001110000011111111101011
00000001110000011111111101101
00000001110000011111111110011
00000001110000011111111110101
00000001110000011111111111001
00000001110000100011111111111
00000001110000100101111111111
00000001110000100110111111111
00000001110000100111011111111
00000001110000100111111011111
00000001110000100111111101111
00000001110000100111111110111
00000001110000100111111111011
00000001110000100111111111101
00000001110000101001111111111
00000001110000110001111111111
00000001110001000011111111111
00000001110001000101111111111
00000001110001000110111111111
00000001110001000111011111111
00000001110001000111111011111
00000001110001000111111101111
00000001110001000111111110111
00000001110001000111111111011
00000001110001000111111111101
00000001110001001001111111111
00000001110001010001111111111
00000001110001100001111111111
00000001110010000011111111111
00000001110010000101111111111
00000001110010000110111111111
00000001110010000111011111111
00000001110010000111111011111
00000001110010000111111101111
00000001110010000111111110111
00000001110010000111111111011
00000001110010000111111111101
00000001110010001001111111111
00000001110010010001111111111
00000001110010100001111111111
00000001110011000001111111111
00000001110011111000111111001
00000001110011111111100000111
00000001110100000011111111111
00000001110100000101111111111
00000001110100000110111111111
00000001110100000111011111111
00000001110100000111111011111
00000001110100000111111101111
00000001110100000111111110111
00000001110100000111111111011
00000001110100000111111111101
00000001110100001001111111111
00000001110100010001111111111
00000001110100100001111111111
00000001110101000001111111111
00000001110101111000111111001
00000001110101111111100000111
00000001110110000001111111111
00000001110110111000111111001
00000001110110111111100000111
00000001110111000111100011111
00000001110111011000111111001
00000001110111011111100000111
00000001110111100010111111001
00000001110111100011011111001
00000001110111100011101111001
00000001110111100011110111001
00000001110111100011111011001
00000001110111100011111100011
00000001110111100011111100101
00000001110111100011111101001
00000001110111100011111110001
00000001110111100100111111001
00000001110111101000111111001
00000001110111110001111110001
00000001110111111011100000111
00000001110111111101100000111
00000001110111111110000001111
00000001110111111110000010111
00000001110111111110000011011
00000001110111111110000011101
00000001110111111110000100111
00000001110111111110001000111
00000001110111111110010000111
00000001110111111110100000111
00000001110111111111000000111
00000001111000000011111111111
00000001111000000101111111111
00000001111000000110111111111
00000001111000000111011111111
00000001111000000111101111111
00000001111000000111110111111
00000001111000000111111011111
00000001111000000111111101111
00000001111000000111111110111
00000001111000000111111111011
00000001111000000111111111101
00000001111000001001111111111
00000001111000010001111111111
00000001111000100001111111111
00000001111001000001111111111
00000001111001111000111111001
00000001111001111111100000111
00000001111010000001111111111
00000001111010111000111111001
00000001111010111111100000111
00000001111011000111100011111
00000001111011011000111111001
00000001111011011111100000111
00000001111011100010111111001
00000001111011100011011111001
00000001111011100011101111001
00000001111011100011110111001
00000001111011100011111011001
00000001111011100011111100011
00000001111011100011111100101
00000001111011100011111101001
00000001111011100011111110001
00000001111011100100111111001
00000001111011101000111111001
00000001111011110001111110001
00000001111011111011100000111
00000001111011111101100000111
00000001111011111110000001111
00000001111011111110000010111
00000001111011111110000011011
00000001111011111110000011101
00000001111011111110000100111
00000001111011111110001000111
00000001111011111110010000111
00000001111011111110100000111
00000001111011111111000000111
00000001111100000001111111111
00000001111100010111100011111
00000001111100011011100011111
00000001111100011101100011111
00000001111100011110001011111
00000001111100011110001101111
00000001111100011110001110111
00000001111100011110001111011
00000001111100011110001111101
00000001111100011110010011111
00000001111100011110100011111
00000001111100100111100011111
00000001111100111000111111001
00000001111100111111100000111
00000001111101000111100011111
00000001111101011000111111001
00000001111101011111100000111
00000001111101100010111111001
00000001111101100011011111001
00000001111101100011101111001
00000001111101100011110111001
00000001111101100011111011001
00000001111101100011111100011
00000001111101100011111100101
00000001111101100011111101001
00000001111101100011111110001
00000001111101100100111111001
00000001111101101000111111001
00000001111101110001111110001
00000001111101111011100000111
00000001111101111101100000111
00000001111101111110000001111
00000001111101111110000010111
00000001111101111110000011011
00000001111101111110000011101
00000001111101111110000100111
00000001111101111110001000111
00000001111101111110010000111
00000001111101111110100000111
00000001111101111111000000111
00000001111110001010111111001
00000001111110001011011111001
00000001111110001011101111001
00000001111110001011110111001
00000001111110001011111011001
00000001111110001011111100011
00000001111110001011111100101
00000001111110001011111101001
00000001111110001011111110001
00000001111110001100111111001
00000001111110001101011111001
00000001111110001101101111001
00000001111110001101110111001
00000001111110001101111011001
00000001111110001101111100011
00000001111110001101111100101
00000001111110001101111101001
00000001111110001101111110001
00000001111110001110011111001
00000001111110001110101111001
00000001111110001110110111001
00000001111110001110111011001
00000001111110001110111100011
00000001111110001110111100101
00000001111110001110111101001
00000001111110001110111110001
00000001111110001111001111001
00000001111110001111010111001
00000001111110001111011011001
00000001111110001111011100011
00000001111110001111011100101
00000001111110001111011101001
00000001111110001111011110001
00000001111110001111100111001
00000001111110001111101011001
00000001111110001111101100011
00000001111110001111101100101
00000001111110001111101101001
00000001111110001111101110001
00000001111110001111110001011
00000001111110001111110001101
00000001111110001111110010011
00000001111110001111110010101
00000001111110001111110011001
00000001111110001111110100011
00000001111110001111110100101
00000001111110001111110101001
00000001111110001111110110001
00000001111110001111111000011
00000001111110001111111000101
00000001111110001111111001001
00000001111110001111111010001
00000001111110001111111100001
00000001111110010010111111001
00000001111110010011011111001
00000001111110010011101111001
00000001111110010011110111001
00000001111110010011111011001
00000001111110010011111100011
00000001111110010011111100101
00000001111110010011111101001
00000001111110010011111110001
00000001111110010100111111001
00000001111110011000111111001
00000001111110100010111111001
00000001111110100011011111001
00000001111110100011101111001
00000001111110100011110111001
00000001111110100011111011001
00000001111110100011111100011
00000001111110100011111100101
00000001111110100011111101001
00000001111110100011111110001
00000001111110100100111111001
00000001111110101000111111001
00000001111110110001111110001
00000001111110111110000001111
00000001111111000011111110001
00000001111111000101111110001
00000001111111000110111110001
00000001111111000111011110001
00000001111111000111101110001
00000001111111000111110110001
00000001111111000111111000101
00000001111111000111111001001
00000001111111000111111010001
00000001111111000111111100001
00000001111111001001111110001
00000001111111010001111110001
00000001111111011110000001111
00000001111111101011100000111
00000001111111101101100000111
00000001111111101110000001111
00000001111111101110000010111
00000001111111101110000011011
00000001111111101110000011101
00000001111111101110000100111
00000001111111101110001000111
00000001111111101110010000111
00000001111111101110100000111
00000001111111101111000000111
00000001111111110011100000111
00000001111111110101100000111
00000001111111110110000001111
00000001111111110110000010111
00000001111111110110000011011
00000001111111110110000011101
00000001111111110110000100111
00000001111111110110001000111
00000001111111110110010000111
00000001111111110110100000111
00000001111111110111000000111
00000001111111111000000101111
00000001111111111000000110111
00000001111111111000000111011
00000001111111111000000111101
00000001111111111000001001111
00000001111111111000001010111
00000001111111111000001011011
00000001111111111000001011101
00000001111111111000001100111
00000001111111111000001101011
00000001111111111000001101101
00000001111111111000001110011
00000001111111111000001110101
00000001111111111000010001111
00000001111111111000010010111
00000001111111111000010011011
00000001111111111000010011101
00000001111111111000010100111
00000001111111111000011000111
00000001111111111000100001111
00000001111111111000100010111
00000001111111111000100011011
00000001111111111000100011101
00000001111111111000100100111
00000001111111111000101000111
00000001111111111000110000111
00000001111111111001000001111
00000001111111111001000010111
00000001111111111001000011011
00000001111111111001000011101
00000001111111111001000100111
00000001111111111001001000111
00000001111111111001010000111
00000001111111111001100000111
00000001111111111010000001111
00000001111111111010000010111
00000001111111111010000011011
00000001111111111010000011101
00000001111111111010000100111
00000001111111111010001000111
00000001111111111010010000111
00000001111111111010100000111
00000001111111111011000000111
00000001111111111100000010111
00000001111111111100000011011
00000001111111111100000011101
00000001111111111100000100111
00000001111111111100000111001
00000001111111111100001000111
00000001111111111100010000111
00000001111111111100100000111
00000001111111111101000000111
00000010000011111111000111111
00000010000101111111000111111
00000010000110111111000111111
00000010000111011111000111111
00000010000111101111000111111
00000010000111110111000111111
00000010000111111011000111111
00000010000111111100001111111
00000010000111111100010111111
00000010000111111100011011111
00000010000111111100011101111
00000010000111111100011110111
00000010000111111100011111011
00000010000111111100011111101
00000010000111111100100111111
00000010000111111101000111111
00000010001001111111000111111
00000010001010111111000111111
00000010001011011111000111111
00000010001011101111000111111
00000010001011110111000111111
00000010001011111011000111111
00000010001011111100010111111
00000010001011111100011011111
00000010001011111100011101111
00000010001011111100011110111
00000010001011111100011111011
00000010001011111100011111101
00000010001011111100100111111
00000010001011111101000111111
00000010001100111111000111111
00000010001101011111000111111
00000010001101101111000111111
00000010001101110111000111111
00000010001101111011000111111
00000010001101111100010111111
00000010001101111100011011111
00000010001101111100011101111
00000010001101111100011110111
00000010001101111100011111011
00000010001101111100011111101
00000010001101111100100111111
00000010001101111101000111111
00000010001110000011111111111
00000010001110011111000111111
00000010001110101111000111111
00000010001110110111000111111
00000010001110111011000111111
00000010001110111100010111111
00000010001110111100011011111
00000010001110111100011101111
00000010001110111100011110111
00000010001110111100011111011
00000010001110111100011111101
00000010001110111100100111111
00000010001110111101000111111
00000010001111001111000111111
00000010001111010111000111111
00000010001111011011000111111
00000010001111011100010111111
00000010001111011100011011111
00000010001111011100011101111
00000010001111011100011110111
00000010001111011100011111011
00000010001111011100011111101
00000010001111011100100111111
00000010001111011101000111111
00000010001111100111000111111
00000010001111101011000111111
00000010001111101100010111111
00000010001111101100011011111
00000010001111101100011101111
00000010001111101100011110111
00000010001111101100011111011
00000010001111101100011111101
00000010001111101100100111111
00000010001111101101000111111
00000010001111110001010111111
00000010001111110001011011111
00000010001111110001011101111
00000010001111110001011110111
00000010001111110001011111011
00000010001111110001011111101
00000010001111110001100111111
00000010001111110001101011111
00000010001111110001101101111
00000010001111110001101110111
00000010001111110001101111011
00000010001111110001101111101
00000010001111110001110011111
00000010001111110001110101111
00000010001111110001110110111
00000010001111110001110111011
00000010001111110001110111101
00000010001111110001111001111
00000010001111110001111010111
00000010001111110001111011011
00000010001111110001111011101
00000010001111110001111100111
00000010001111110001111101011
00000010001111110001111101101
00000010001111110001111110011
00000010001111110001111110101
00000010001111110001111111001
00000010001111110010010111111
00000010001111110010011011111
00000010001111110010011101111
00000010001111110010011110111
00000010001111110010011111011
00000010001111110010011111101
00000010001111110010100111111
00000010001111110011000111111
00000010001111110100010111111
00000010001111110100011011111
00000010001111110100011101111
00000010001111110100011110111
00000010001111110100011111011
00000010001111110100011111101
00000010001111110100100111111
00000010001111110101000111111
00000010001111111000111111001
00000010001111111111100000111
00000010010001111111000111111
00000010010010111111000111111
00000010010011011111000111111
00000010010011101111000111111
00000010010011110111000111111
00000010010011111011000111111
00000010010011111100010111111
00000010010011111100011011111
00000010010011111100011101111
00000010010011111100011110111
00000010010011111100011111011
00000010010011111100011111101
00000010010011111100100111111
00000010010011111101000111111
00000010010100111111000111111
00000010010111000001111111111
00000010010111111000111111001
00000010010111111111100000111
00000010011000111111000111111
00000010011011000001111111111
00000010011011111000111111001
00000010011011111111100000111
00000010011100000011111111111
00000010011100000101111111111
00000010011100000110111111111
00000010011100000111011111111
00000010011100000111111011111
00000010011100000111111101111
00000010011100000111111110111
00000010011100000111111111011
00000010011100000111111111101
00000010011100001001111111111
00000010011100010001111111111
00000010011100100001111111111
00000010011101000001111111111
00000010011101111000111111001
00000010011101111111100000111
00000010011110000001111111111
00000010011110111000111111001
00000010011110111111100000111
00000010011111000111100011111
00000010011111011000111111001
00000010011111011111100000111
00000010011111100010111111001
00000010011111100011011111001
00000010011111100011101111001
00000010011111100011110111001
00000010011111100011111011001
00000010011111100011111100011
00000010011111100011111100101
00000010011111100011111101001
00000010011111100011111110001
00000010011111100100111111001
00000010011111101000111111001
00000010011111110001111110001
00000010011111111011100000111
00000010011111111101100000111
00000010011111111110000001111
00000010011111111110000010111
00000010011111111110000011011
00000010011111111110000011101
00000010011111111110000100111
00000010011111111110001000111
00000010011111111110010000111
00000010011111111110100000111
00000010011111111111000000111
00000010100001111111000111111
00000010100010111111000111111
00000010100011011111000111111
00000010100011101111000111111
00000010100011110111000111111
00000010100011111011000111111
00000010100011111100010111111
00000010100011111100011011111
00000010100011111100011101111
00000010100011111100011110111
00000010100011111100011111011
00000010100011111100011111101
00000010100011111100100111111
00000010100011111101000111111
00000010100100111111000111111
00000010100111000001111111111
00000010100111111000111111001
00000010100111111111100000111
00000010101000111111000111111
00000010101011100000111111111
00000010101011111111100000111
00000010101101100000111111111
00000010101101111111100000111
00000010101110000001111111111
00000010101110000010111111111
00000010101110000011011111111
00000010101110000011101111111
00000010101110000011111101111
00000010101110000011111110111
00000010101110000011111111011
00000010101110000011111111101
00000010101110000100111111111
00000010101110001000111111111
00000010101110010000111111111
00000010101110100000111111111
00000010101110111111100000111
00000010101111000000111111111
00000010101111011111100000111
00000010101111110001111110001
00000010101111111011100000111
00000010101111111101100000111
00000010101111111110000001111
00000010101111111110000010111
00000010101111111110000011011
00000010101111111110000011101
00000010101111111110000100111
00000010101111111110001000111
00000010101111111110010000111
00000010101111111110100000111
00000010101111111111000000111
00000010110011100000111111111
00000010110011111111100000111
00000010110101100000111111111
00000010110101111111100000111
00000010110110000001111111111
00000010110110000010111111111
00000010110110000011011111111
00000010110110000011101111111
00000010110110000011111101111
00000010110110000011111110111
00000010110110000011111111011
00000010110110000011111111101
00000010110110000100111111111
00000010110110001000111111111
00000010110110010000111111111
00000010110110100000111111111
00000010110110111111100000111
00000010110111000000111111111
00000010110111011111100000111
00000010110111110001111110001
00000010110111111011100000111
00000010110111111101100000111
00000010110111111110000001111
00000010110111111110000010111
00000010110111111110000011011
00000010110111111110000011101
00000010110111111110000100111
00000010110111111110001000111
00000010110111111110010000111
00000010110111111110100000111
00000010110111111111000000111
00000010111000000101111111111
00000010111000000110111111111
00000010111000000111011111111
00000010111000000111101111111
00000010111000000111111101111
00000010111000000111111110111
00000010111000000111111111011
00000010111000000111111111101
00000010111000001001111111111
00000010111000001010111111111
00000010111000001011011111111
00000010111000001011101111111
00000010111000001011111101111
00000010111000001011111110111
00000010111000001011111111011
00000010111000001011111111101
00000010111000001100111111111
00000010111000001101011111111
00000010111000001101101111111
00000010111000001101111101111
00000010111000001101111110111
00000010111000001101111111011
00000010111000001101111111101
00000010111000001110011111111
00000010111000001110101111111
00000010111000001110111101111
00000010111000001110111110111
00000010111000001110111111011
00000010111000001110111111101
00000010111000001111110101111
00000010111000001111110110111
00000010111000001111110111011
00000010111000001111110111101
00000010111000001111111001111
00000010111000001111111010111
00000010111000001111111011011
00000010111000001111111011101
00000010111000001111111100111
00000010111000001111111101011
00000010111000001111111101101
00000010111000001111111110011
00000010111000001111111110101
00000010111000001111111111001
00000010111000010001111111111
00000010111000010010111111111
00000010111000010011011111111
00000010111000010011101111111
00000010111000010011111101111
00000010111000010011111110111
00000010111000010011111111011
00000010111000010011111111101
00000010111000010100111111111
00000010111000011000111111111
00000010111000100001111111111
00000010111000100010111111111
00000010111000100011011111111
00000010111000100011101111111
00000010111000100011111101111
00000010111000100011111110111
00000010111000100011111111011
00000010111000100011111111101
00000010111000100100111111111
00000010111000101000111111111
00000010111000110000111111111
00000010111001000001111111111
00000010111001000010111111111
00000010111001000011011111111
00000010111001000011101111111
00000010111001000011111101111
00000010111001000011111110111
00000010111001000011111111011
00000010111001000011111111101
00000010111001000100111111111
00000010111001001000111111111
00000010111001010000111111111
00000010111001100000111111111
00000010111001111111100000111
00000010111010000001111111111
00000010111010000010111111111
00000010111010000011011111111
00000010111010000011101111111
00000010111010000011111101111
00000010111010000011111110111
00000010111010000011111111011
00000010111010000011111111101
00000010111010000100111111111
00000010111010001000111111111
00000010111010010000111111111
00000010111010100000111111111
00000010111010111111100000111
00000010111011000000111111111
00000010111011011111100000111
00000010111011110001111110001
00000010111011111011100000111
00000010111011111101100000111
00000010111011111110000001111
00000010111011111110000010111
00000010111011111110000011011
00000010111011111110000011101
00000010111011111110000100111
00000010111011111110001000111
00000010111011111110010000111
00000010111011111110100000111
00000010111011111111000000111
00000010111100000010111111111
00000010111100000011011111111
00000010111100000011101111111
00000010111100000011110111111
00000010111100000011111011111
00000010111100000011111101111
00000010111100000011111110111
00000010111100000011111111011
00000010111100000011111111101
00000010111100000100111111111
00000010111100001000111111111
00000010111100010000111111111
00000010111100100000111111111
00000010111100111111100000111
00000010111101000000111111111
00000010111101011111100000111
00000010111101110001111110001
00000010111101111011100000111
00000010111101111101100000111
00000010111101111110000001111
00000010111101111110000010111
00000010111101111110000011011
00000010111101111110000011101
00000010111101111110000100111
00000010111101111110001000111
00000010111101111110010000111
00000010111101111110100000111
00000010111101111111000000111
00000010111110110001111110001
00000010111110111110000001111
00000010111111000101111110001
00000010111111000110111110001
00000010111111000111011110001
00000010111111000111101110001
00000010111111000111110110001
00000010111111000111111000101
00000010111111000111111001001
00000010111111000111111010001
00000010111111000111111100001
00000010111111001001111110001
00000010111111010001111110001
00000010111111011110000001111
00000010111111101011100000111
00000010111111101101100000111
00000010111111101110000001111
00000010111111101110000010111
00000010111111101110000011011
00000010111111101110000011101
00000010111111101110000100111
00000010111111101110001000111
00000010111111101110010000111
00000010111111101110100000111
00000010111111101111000000111
00000010111111110011100000111
00000010111111110101100000111
00000010111111110110000001111
00000010111111110110000010111
00000010111111110110000011011
00000010111111110110000011101
00000010111111110110000100111
00000010111111110110001000111
00000010111111110110010000111
00000010111111110110100000111
00000010111111110111000000111
00000010111111111000000110111
00000010111111111000000111011
00000010111111111000000111101
00000010111111111000001001111
00000010111111111000001010111
00000010111111111000001011011
00000010111111111000001011101
00000010111111111000001100111
00000010111111111000001101011
00000010111111111000001101101
00000010111111111000001110011
00000010111111111000001110101
00000010111111111000010001111
00000010111111111000010010111
00000010111111111000010011011
00000010111111111000010011101
00000010111111111000010100111
00000010111111111000011000111
00000010111111111000100001111
00000010111111111000100010111
00000010111111111000100011011
00000010111111111000100011101
00000010111111111000100100111
00000010111111111000101000111
00000010111111111000110000111
00000010111111111001000001111
00000010111111111001000010111
00000010111111111001000011011
00000010111111111001000011101
00000010111111111001000100111
00000010111111111001001000111
00000010111111111001010000111
00000010111111111001100000111
00000010111111111010000001111
00000010111111111010000010111
00000010111111111010000011011
00000010111111111010000011101
00000010111111111010000100111
00000010111111111010001000111
00000010111111111010010000111
00000010111111111010100000111
00000010111111111011000000111
00000010111111111100000011011
00000010111111111100000011101
00000010111111111100000100111
00000010111111111100000111001
00000010111111111100001000111
00000010111111111100010000111
00000010111111111100100000111
00000010111111111101000000111
00000011000111000001111111111
00000011000111111000111111001
00000011000111111111100000111
00000011001011100000111111111
00000011001011111111100000111
00000011001101100000111111111
00000011001101111111100000111
00000011001110000001111111111
00000011001110000010111111111
00000011001110000011011111111
00000011001110000011101111111
00000011001110000011111101111
00000011001110000011111110111
00000011001110000011111111011
00000011001110000011111111101
00000011001110000100111111111
00000011001110001000111111111
00000011001110010000111111111
00000011001110100000111111111
00000011001110111111100000111
00000011001111000000111111111
00000011001111011111100000111
00000011001111110001111110001
00000011001111111011100000111
00000011001111111101100000111
00000011001111111110000001111
00000011001111111110000010111
00000011001111111110000011011
00000011001111111110000011101
00000011001111111110000100111
00000011001111111110001000111
00000011001111111110010000111
00000011001111111110100000111
00000011001111111111000000111
00000011010011100000111111111
00000011010011111111100000111
00000011010101100000111111111
00000011010101111111100000111
00000011010110000001111111111
00000011010110000010111111111
00000011010110000011011111111
00000011010110000011101111111
00000011010110000011111101111
00000011010110000011111110111
00000011010110000011111111011
00000011010110000011111111101
00000011010110000100111111111
00000011010110001000111111111
00000011010110010000111111111
00000011010110100000111111111
00000011010110111111100000111
00000011010111000000111111111
00000011010111011111100000111
00000011010111110001111110001
00000011010111111011100000111
00000011010111111101100000111
00000011010111111110000001111
00000011010111111110000010111
00000011010111111110000011011
00000011010111111110000011101
00000011010111111110000100111
00000011010111111110001000111
00000011010111111110010000111
00000011010111111110100000111
00000011010111111111000000111
00000011011000000110111111111
00000011011000000111011111111
00000011011000000111101111111
00000011011000000111111101111
00000011011000000111111110111
00000011011000000111111111011
00000011011000000111111111101
00000011011000001001111111111
00000011011000001010111111111
00000011011000001011011111111
00000011011000001011101111111
00000011011000001011111101111
00000011011000001011111110111
00000011011000001011111111011
00000011011000001011111111101
00000011011000001100111111111
00000011011000001101011111111
00000011011000001101101111111
00000011011000001101111101111
00000011011000001101111110111
00000011011000001101111111011
00000011011000001101111111101
00000011011000001110011111111
00000011011000001110101111111
00000011011000001110111101111
00000011011000001110111110111
00000011011000001110111111011
00000011011000001110111111101
00000011011000001111110101111
00000011011000001111110110111
00000011011000001111110111011
00000011011000001111110111101
00000011011000001111111001111
00000011011000001111111010111
00000011011000001111111011011
00000011011000001111111011101
00000011011000001111111100111
00000011011000001111111101011
00000011011000001111111101101
00000011011000001111111110011
00000011011000001111111110101
00000011011000001111111111001
00000011011000010001111111111
00000011011000010010111111111
00000011011000010011011111111
00000011011000010011101111111
00000011011000010011111101111
00000011011000010011111110111
00000011011000010011111111011
00000011011000010011111111101
00000011011000010100111111111
00000011011000011000111111111
00000011011000100001111111111
00000011011000100010111111111
00000011011000100011011111111
00000011011000100011101111111
00000011011000100011111101111
00000011011000100011111110111
00000011011000100011111111011
00000011011000100011111111101
00000011011000100100111111111
00000011011000101000111111111
00000011011000110000111111111
00000011011001000001111111111
00000011011001000010111111111
00000011011001000011011111111
00000011011001000011101111111
00000011011001000011111101111
00000011011001000011111110111
00000011011001000011111111011
00000011011001000011111111101
00000011011001000100111111111
00000011011001001000111111111
00000011011001010000111111111
00000011011001100000111111111
00000011011001111111100000111
00000011011010000001111111111
00000011011010000010111111111
00000011011010000011011111111
00000011011010000011101111111
00000011011010000011111101111
00000011011010000011111110111
00000011011010000011111111011
00000011011010000011111111101
00000011011010000100111111111
00000011011010001000111111111
00000011011010010000111111111
00000011011010100000111111111
00000011011010111111100000111
00000011011011000000111111111
00000011011011011111100000111
00000011011011110001111110001
00000011011011111011100000111
00000011011011111101100000111
00000011011011111110000001111
00000011011011111110000010111
00000011011011111110000011011
00000011011011111110000011101
00000011011011111110000100111
00000011011011111110001000111
00000011011011111110010000111
00000011011011111110100000111
00000011011011111111000000111
00000011011100000011011111111
00000011011100000011101111111
00000011011100000011110111111
00000011011100000011111011111
00000011011100000011111101111
00000011011100000011111110111
00000011011100000011111111011
00000011011100000011111111101
00000011011100000100111111111
00000011011100001000111111111
00000011011100010000111111111
00000011011100100000111111111
00000011011100111111100000111
00000011011101000000111111111
00000011011101011111100000111
00000011011101110001111110001
00000011011101111011100000111
00000011011101111101100000111
00000011011101111110000001111
00000011011101111110000010111
00000011011101111110000011011
00000011011101111110000011101
00000011011101111110000100111
00000011011101111110001000111
00000011011101111110010000111
00000011011101111110100000111
00000011011101111111000000111
00000011011110110001111110001
00000011011110111110000001111
00000011011111000101111110001
00000011011111000110111110001
00000011011111000111011110001
00000011011111000111101110001
00000011011111000111110110001
00000011011111000111111000101
00000011011111000111111001001
00000011011111000111111010001
00000011011111000111111100001
00000011011111001001111110001
00000011011111010001111110001
00000011011111011110000001111
00000011011111101011100000111
00000011011111101101100000111
00000011011111101110000001111
00000011011111101110000010111
00000011011111101110000011011
00000011011111101110000011101
00000011011111101110000100111
00000011011111101110001000111
00000011011111101110010000111
00000011011111101110100000111
00000011011111101111000000111
00000011011111110011100000111
00000011011111110101100000111
00000011011111110110000001111
00000011011111110110000010111
00000011011111110110000011011
00000011011111110110000011101
00000011011111110110000100111
00000011011111110110001000111
00000011011111110110010000111
00000011011111110110100000111
00000011011111110111000000111
00000011011111111000000111011
00000011011111111000000111101
00000011011111111000001001111
00000011011111111000001010111
00000011011111111000001011011
00000011011111111000001011101
00000011011111111000001100111
00000011011111111000001101011
00000011011111111000001101101
00000011011111111000001110011
00000011011111111000001110101
00000011011111111000010001111
00000011011111111000010010111
00000011011111111000010011011
00000011011111111000010011101
00000011011111111000010100111
00000011011111111000011000111
00000011011111111000100001111
00000011011111111000100010111
00000011011111111000100011011
00000011011111111000100011101
00000011011111111000100100111
00000011011111111000101000111
00000011011111111000110000111
00000011011111111001000001111
00000011011111111001000010111
00000011011111111001000011011
00000011011111111001000011101
00000011011111111001000100111
00000011011111111001001000111
00000011011111111001010000111
00000011011111111001100000111
00000011011111111010000001111
00000011011111111010000010111
00000011011111111010000011011
00000011011111111010000011101
00000011011111111010000100111
00000011011111111010001000111
00000011011111111010010000111
00000011011111111010100000111
00000011011111111011000000111
00000011011111111100000011101
00000011011111111100000100111
00000011011111111100000111001
00000011011111111100001000111
00000011011111111100010000111
00000011011111111100100000111
00000011011111111101000000111
00000011100000011100111111111
00000011100000011101011111111
00000011100000011101101111111
00000011100000011101111101111
00000011100000011101111110111
00000011100000011101111111011
00000011100000011101111111101
00000011100000011110011111111
00000011100000011110101111111
00000011100000011110111101111
00000011100000011110111110111
00000011100000011110111111011
00000011100000011110111111101
00000011100000011111110101111
00000011100000011111110110111
00000011100000011111110111011
00000011100000011111110111101
00000011100000011111111001111
00000011100000011111111010111
00000011100000011111111011011
00000011100000011111111011101
00000011100000011111111100111
00000011100000011111111101011
00000011100000011111111101101
00000011100000011111111110011
00000011100000011111111110101
00000011100000011111111111001
00000011100000100011111111111
00000011100000100101111111111
00000011100000100110111111111
00000011100000100111011111111
00000011100000100111101111111
00000011100000100111111101111
00000011100000100111111110111
00000011100000100111111111011
00000011100000100111111111101
00000011100000101001111111111
00000011100000101010111111111
00000011100000101011011111111
00000011100000101011101111111
00000011100000101011111101111
00000011100000101011111110111
00000011100000101011111111011
00000011100000101011111111101
00000011100000101100111111111
00000011100000101101011111111
00000011100000101101101111111
00000011100000101101111101111
00000011100000101101111110111
00000011100000101101111111011
00000011100000101101111111101
00000011100000101110011111111
00000011100000101110101111111
00000011100000101110111101111
00000011100000101110111110111
00000011100000101110111111011
00000011100000101110111111101
00000011100000101111110101111
00000011100000101111110110111
00000011100000101111110111011
00000011100000101111110111101
00000011100000101111111001111
00000011100000101111111010111
00000011100000101111111011011
00000011100000101111111011101
00000011100000101111111100111
00000011100000101111111101011
00000011100000101111111101101
00000011100000101111111110011
00000011100000101111111110101
00000011100000101111111111001
00000011100000110001111111111
00000011100000110010111111111
00000011100000110011011111111
00000011100000110011101111111
00000011100000110011111101111
00000011100000110011111110111
00000011100000110011111111011
00000011100000110011111111101
00000011100000110100111111111
00000011100000110101011111111
00000011100000110101101111111
00000011100000110101111101111
00000011100000110101111110111
00000011100000110101111111011
00000011100000110101111111101
00000011100000110110011111111
00000011100000110110101111111
00000011100000110110111101111
00000011100000110110111110111
00000011100000110110111111011
00000011100000110110111111101
00000011100000110111110101111
00000011100000110111110110111
00000011100000110111110111011
00000011100000110111110111101
00000011100000110111111001111
00000011100000110111111010111
00000011100000110111111011011
00000011100000110111111011101
00000011100000110111111100111
00000011100000110111111101011
00000011100000110111111101101
00000011100000110111111110011
00000011100000110111111110101
00000011100000110111111111001
00000011100000111000111111111
00000011100000111001011111111
00000011100000111001101111111
00000011100000111001111101111
00000011100000111001111110111
00000011100000111001111111011
00000011100000111001111111101
00000011100000111010011111111
00000011100000111010101111111
00000011100000111010111101111
00000011100000111010111110111
00000011100000111010111111011
00000011100000111010111111101
00000011100000111011110101111
00000011100000111011110110111
00000011100000111011110111011
00000011100000111011110111101
00000011100000111011111001111
00000011100000111011111010111
00000011100000111011111011011
00000011100000111011111011101
00000011100000111011111100111
00000011100000111011111101011
00000011100000111011111101101
00000011100000111011111110011
00000011100000111011111110101
00000011100000111011111111001
00000011100000111111010101111
00000011100000111111010110111
00000011100000111111010111011
00000011100000111111010111101
00000011100000111111011001111
00000011100000111111011010111
00000011100000111111011011011
00000011100000111111011011101
00000011100000111111011100111
00000011100000111111011101011
00000011100000111111011101101
00000011100000111111011110011
00000011100000111111011110101
00000011100000111111011111001
00000011100000111111100101111
00000011100000111111100110111
00000011100000111111100111011
00000011100000111111100111101
00000011100000111111101001111
00000011100000111111101010111
00000011100000111111101011011
00000011100000111111101011101
00000011100000111111101100111
00000011100000111111101101011
00000011100000111111101101101
00000011100000111111101110011
00000011100000111111101110101
00000011100000111111101111001
00000011100000111111110001111
00000011100000111111110010111
00000011100000111111110011011
00000011100000111111110011101
00000011100000111111110100111
00000011100000111111110101011
00000011100000111111110101101
00000011100000111111110110011
00000011100000111111110110101
00000011100000111111110111001
00000011100000111111111000111
00000011100000111111111001011
00000011100000111111111001101
00000011100000111111111010011
00000011100000111111111010101
00000011100000111111111011001
00000011100000111111111100011
00000011100000111111111100101
00000011100000111111111101001
00000011100000111111111110001
00000011100001000011111111111
00000011100001000101111111111
00000011100001000110111111111
00000011100001000111011111111
00000011100001000111101111111
00000011100001000111111101111
00000011100001000111111110111
00000011100001000111111111011
00000011100001000111111111101
00000011100001001001111111111
00000011100001001010111111111
00000011100001001011011111111
00000011100001001011101111111
00000011100001001011111101111
00000011100001001011111110111
00000011100001001011111111011
00000011100001001011111111101
00000011100001001100111111111
00000011100001001101011111111
00000011100001001101101111111
00000011100001001101111101111
00000011100001001101111110111
00000011100001001101111111011
00000011100001001101111111101
00000011100001001110011111111
00000011100001001110101111111
00000011100001001110111101111
00000011100001001110111110111
00000011100001001110111111011
00000011100001001110111111101
00000011100001001111110101111
00000011100001001111110110111
00000011100001001111110111011
00000011100001001111110111101
00000011100001001111111001111
00000011100001001111111010111
00000011100001001111111011011
00000011100001001111111011101
00000011100001001111111100111
00000011100001001111111101011
00000011100001001111111101101
00000011100001001111111110011
00000011100001001111111110101
00000011100001001111111111001
00000011100001010001111111111
00000011100001010010111111111
00000011100001010011011111111
00000011100001010011101111111
00000011100001010011111101111
00000011100001010011111110111
00000011100001010011111111011
00000011100001010011111111101
00000011100001010100111111111
00000011100001011000111111111
00000011100001100001111111111
00000011100001100010111111111
00000011100001100011011111111
00000011100001100011101111111
00000011100001100011111101111
00000011100001100011111110111
00000011100001100011111111011
00000011100001100011111111101
00000011100001100100111111111
00000011100001101000111111111
00000011100001110000111111111
00000011100001111111110000111
00000011100010000011111111111
00000011100010000101111111111
00000011100010000110111111111
00000011100010000111011111111
00000011100010000111101111111
00000011100010000111111101111
00000011100010000111111110111
00000011100010000111111111011
00000011100010000111111111101
00000011100010001001111111111
00000011100010001010111111111
00000011100010001011011111111
00000011100010001011101111111
00000011100010001011111101111
00000011100010001011111110111
00000011100010001011111111011
00000011100010001011111111101
00000011100010001100111111111
00000011100010001101011111111
00000011100010001101101111111
00000011100010001101111101111
00000011100010001101111110111
00000011100010001101111111011
00000011100010001101111111101
00000011100010001110011111111
00000011100010001110101111111
00000011100010001110111101111
00000011100010001110111110111
00000011100010001110111111011
00000011100010001110111111101
00000011100010001111110101111
00000011100010001111110110111
00000011100010001111110111011
00000011100010001111110111101
00000011100010001111111001111
00000011100010001111111010111
00000011100010001111111011011
00000011100010001111111011101
00000011100010001111111100111
00000011100010001111111101011
00000011100010001111111101101
00000011100010001111111110011
00000011100010001111111110101
00000011100010001111111111001
00000011100010010001111111111
00000011100010010010111111111
00000011100010010011011111111
00000011100010010011101111111
00000011100010010011111101111
00000011100010010011111110111
00000011100010010011111111011
00000011100010010011111111101
00000011100010010100111111111
00000011100010011000111111111
00000011100010100001111111111
00000011100010100010111111111
00000011100010100011011111111
00000011100010100011101111111
00000011100010100011111101111
00000011100010100011111110111
00000011100010100011111111011
00000011100010100011111111101
00000011100010100100111111111
00000011100010101000111111111
00000011100010110000111111111
00000011100011000001111111111
00000011100011000010111111111
00000011100011000011011111111
00000011100011000011101111111
00000011100011000011111101111
00000011100011000011111110111
00000011100011000011111111011
00000011100011000011111111101
00000011100011000100111111111
00000011100011001000111111111
00000011100011010000111111111
00000011100011100000111111111
00000011100011111111100000111
00000011100100000011111111111
00000011100100000101111111111
00000011100100000110111111111
00000011100100000111011111111
00000011100100000111101111111
00000011100100000111111101111
00000011100100000111111110111
00000011100100000111111111011
00000011100100000111111111101
00000011100100001001111111111
00000011100100001010111111111
00000011100100001011011111111
00000011100100001011101111111
00000011100100001011111101111
00000011100100001011111110111
00000011100100001011111111011
00000011100100001011111111101
00000011100100001100111111111
00000011100100001101011111111
00000011100100001101101111111
00000011100100001101111101111
00000011100100001101111110111
00000011100100001101111111011
00000011100100001101111111101
00000011100100001110011111111
00000011100100001110101111111
00000011100100001110111101111
00000011100100001110111110111
00000011100100001110111111011
00000011100100001110111111101
00000011100100001111110101111
00000011100100001111110110111
00000011100100001111110111011
00000011100100001111110111101
00000011100100001111111001111
00000011100100001111111010111
00000011100100001111111011011
00000011100100001111111011101
00000011100100001111111100111
00000011100100001111111101011
00000011100100001111111101101
00000011100100001111111110011
00000011100100001111111110101
00000011100100001111111111001
00000011100100010001111111111
00000011100100010010111111111
00000011100100010011011111111
00000011100100010011101111111
00000011100100010011111101111
00000011100100010011111110111
00000011100100010011111111011
00000011100100010011111111101
00000011100100010100111111111
00000011100100011000111111111
00000011100100100001111111111
00000011100100100010111111111
00000011100100100011011111111
00000011100100100011101111111
00000011100100100011111101111
00000011100100100011111110111
00000011100100100011111111011
00000011100100100011111111101
00000011100100100100111111111
00000011100100101000111111111
00000011100100110000111111111
00000011100101000001111111111
00000011100101000010111111111
00000011100101000011011111111
00000011100101000011101111111
00000011100101000011111101111
00000011100101000011111110111
00000011100101000011111111011
00000011100101000011111111101
00000011100101000100111111111
00000011100101001000111111111
00000011100101010000111111111
00000011100101100000111111111
00000011100101111111100000111
00000011100110000001111111111
00000011100110000010111111111
00000011100110000011011111111
00000011100110000011101111111
00000011100110000011111101111
00000011100110000011111110111
00000011100110000011111111011
00000011100110000011111111101
00000011100110000100111111111
00000011100110001000111111111
00000011100110010000111111111
00000011100110100000111111111
00000011100110111111100000111
00000011100111000000111111111
00000011100111011111100000111
00000011100111110001111110001
00000011100111111011100000111
00000011100111111101100000111
00000011100111111110000001111
00000011100111111110000010111
00000011100111111110000011011
00000011100111111110000011101
00000011100111111110000100111
00000011100111111110001000111
00000011100111111110010000111
00000011100111111110100000111
00000011101000000111011111111
00000011101000000111101111111
00000011101000000111111101111
00000011101000000111111110111
00000011101000000111111111011
00000011101000000111111111101
00000011101000001001111111111
00000011101000001010111111111
00000011101000001011011111111
00000011101000001011101111111
00000011101000001011111101111
00000011101000001011111110111
00000011101000001011111111011
00000011101000001011111111101
00000011101000001100111111111
00000011101000001101011111111
00000011101000001101101111111
00000011101000001101111101111
00000011101000001101111110111
00000011101000001101111111011
00000011101000001101111111101
00000011101000001110011111111
00000011101000001110101111111
00000011101000001110111101111
00000011101000001110111110111
00000011101000001110111111011
00000011101000001110111111101
00000011101000001111110101111
00000011101000001111110110111
00000011101000001111110111011
00000011101000001111110111101
00000011101000001111111001111
00000011101000001111111010111
00000011101000001111111011011
00000011101000001111111011101
00000011101000001111111100111
00000011101000001111111101011
00000011101000001111111101101
00000011101000001111111110011
00000011101000001111111110101
00000011101000001111111111001
00000011101000010001111111111
00000011101000010010111111111
00000011101000010011011111111
00000011101000010011101111111
00000011101000010011111101111
00000011101000010011111110111
00000011101000010011111111011
00000011101000010011111111101
00000011101000010100111111111
00000011101000011000111111111
00000011101000100001111111111
00000011101000100010111111111
00000011101000100011011111111
00000011101000100011101111111
00000011101000100011111101111
00000011101000100011111110111
00000011101000100011111111011
00000011101000100011111111101
00000011101000100100111111111
00000011101000101000111111111
00000011101000110000111111111
00000011101001000001111111111
00000011101001000010111111111
00000011101001000011011111111
00000011101001000011101111111
00000011101001000011111101111
00000011101001000011111110111
00000011101001000011111111011
00000011101001000011111111101
00000011101001000100111111111
00000011101001001000111111111
00000011101001010000111111111
00000011101001100000111111111
00000011101001111111100000111
00000011101010000001111111111
00000011101010000010111111111
00000011101010000011011111111
00000011101010000011101111111
00000011101010000011111101111
00000011101010000011111110111
00000011101010000011111111011
00000011101010000011111111101
00000011101010000100111111111
00000011101010001000111111111
00000011101010010000111111111
00000011101010100000111111111
00000011101010111111100000111
00000011101011000000111111111
00000011101011011111100000111
00000011101011110001111110001
00000011101011111011100000111
00000011101011111101100000111
00000011101011111110000001111
00000011101011111110000010111
00000011101011111110000011011
00000011101011111110000011101
00000011101011111110000100111
00000011101011111110001000111
00000011101011111110010000111
00000011101011111110100000111
00000011101100000011101111111
00000011101100000011110111111
00000011101100000011111011111
00000011101100000011111101111
00000011101100000011111110111
00000011101100000011111111011
00000011101100000011111111101
00000011101100000100111111111
00000011101100001000111111111
00000011101100010000111111111
00000011101100100000111111111
00000011101100111111100000111
00000011101101000000111111111
00000011101101011111100000111
00000011101101110001111110001
00000011101101111011100000111
00000011101101111101100000111
00000011101101111110000001111
00000011101101111110000010111
00000011101101111110000011011
00000011101101111110000011101
00000011101101111110000100111
00000011101101111110001000111
00000011101101111110010000111
00000011101101111110100000111
00000011101110110001111110001
00000011101110111110000001111
00000011101111000101111110001
00000011101111000110111110001
00000011101111000111011110001
00000011101111000111101110001
00000011101111000111110110001
00000011101111000111111000101
00000011101111000111111001001
00000011101111000111111010001
00000011101111000111111100001
00000011101111001001111110001
00000011101111010001111110001
00000011101111011110000001111
00000011101111101011100000111
00000011101111101101100000111
00000011101111101110000001111
00000011101111101110000010111
00000011101111101110000011011
00000011101111101110000011101
00000011101111101110000100111
00000011101111101110001000111
00000011101111101110010000111
00000011101111101110100000111
00000011101111110011100000111
00000011101111110101100000111
00000011101111110110000001111
00000011101111110110000010111
00000011101111110110000011011
00000011101111110110000011101
00000011101111110110000100111
00000011101111110110001000111
00000011101111110110010000111
00000011101111110110100000111
00000011101111111000000111101
00000011101111111000001001111
00000011101111111000001010111
00000011101111111000001011011
00000011101111111000001011101
00000011101111111000001100111
00000011101111111000001101011
00000011101111111000001101101
00000011101111111000001110011
00000011101111111000001110101
00000011101111111000010001111
00000011101111111000010010111
00000011101111111000010011011
00000011101111111000010011101
00000011101111111000010100111
00000011101111111000011000111
00000011101111111000100001111
00000011101111111000100010111
00000011101111111000100011011
00000011101111111000100011101
00000011101111111000100100111
00000011101111111000101000111
00000011101111111000110000111
00000011101111111001000001111
00000011101111111001000010111
00000011101111111001000011011
00000011101111111001000011101
00000011101111111001000100111
00000011101111111001001000111
00000011101111111001010000111
00000011101111111001100000111
00000011101111111010000001111
00000011101111111010000010111
00000011101111111010000011011
00000011101111111010000011101
00000011101111111010000100111
00000011101111111010001000111
00000011101111111010010000111
00000011101111111010100000111
00000011101111111100000100111
00000011101111111100000111001
00000011101111111100001000111
00000011101111111100010000111
00000011101111111100100000111
00000011110000001111001111111
00000011110000001111010111111
00000011110000001111011011111
00000011110000001111011101111
00000011110000001111011110111
00000011110000001111011111011
00000011110000001111011111101
00000011110000001111101011111
00000011110000001111101101111
00000011110000001111101110111
00000011110000001111101111011
00000011110000001111101111101
00000011110000001111110101111
00000011110000001111110110111
00000011110000001111110111011
00000011110000001111110111101
00000011110000001111111001111
00000011110000001111111010111
00000011110000001111111011011
00000011110000001111111011101
00000011110000001111111100111
00000011110000001111111101011
00000011110000001111111101101
00000011110000001111111110011
00000011110000001111111110101
00000011110000001111111111001
00000011110000010001111111111
00000011110000010010111111111
00000011110000010011011111111
00000011110000010011101111111
00000011110000010011110111111
00000011110000010011111011111
00000011110000010011111101111
00000011110000010011111110111
00000011110000010011111111011
00000011110000010011111111101
00000011110000010100111111111
00000011110000011000111111111
00000011110000011100011111111
00000011110000100001111111111
00000011110000100010111111111
00000011110000100011011111111
00000011110000100011101111111
00000011110000100011110111111
00000011110000100011111011111
00000011110000100011111101111
00000011110000100011111110111
00000011110000100011111111011
00000011110000100011111111101
00000011110000100100111111111
00000011110000101000111111111
00000011110000110000111111111
00000011110001000001111111111
00000011110001000010111111111
00000011110001000011011111111
00000011110001000011101111111
00000011110001000011110111111
00000011110001000011111011111
00000011110001000011111101111
00000011110001000011111110111
00000011110001000011111111011
00000011110001000011111111101
00000011110001000100111111111
00000011110001001000111111111
00000011110001010000111111111
00000011110001100000111111111
00000011110001111111100000111
00000011110010000001111111111
00000011110010000010111111111
00000011110010000011011111111
00000011110010000011101111111
00000011110010000011110111111
00000011110010000011111011111
00000011110010000011111101111
00000011110010000011111110111
00000011110010000011111111011
00000011110010000011111111101
00000011110010000100111111111
00000011110010001000111111111
00000011110010010000111111111
00000011110010100000111111111
00000011110010111111100000111
00000011110011000000111111111
00000011110011011111100000111
00000011110011110001111110001
00000011110011111011100000111
00000011110011111101100000111
00000011110011111110000010111
00000011110011111110000011011
00000011110011111110000011101
00000011110011111110000100111
00000011110011111110001000111
00000011110011111110010000111
00000011110011111110100000111
00000011110100000011110111111
00000011110100000011111011111
00000011110100000011111101111
00000011110100000011111110111
00000011110100000011111111011
00000011110100000011111111101
00000011110100000100111111111
00000011110100001000111111111
00000011110100010000111111111
00000011110100100000111111111
00000011110100111111100000111
00000011110101000000111111111
00000011110101011111100000111
00000011110101110001111110001
00000011110101111011100000111
00000011110101111101100000111
00000011110101111110000010111
00000011110101111110000011011
00000011110101111110000011101
00000011110101111110000100111
00000011110101111110001000111
00000011110101111110010000111
00000011110101111110100000111
00000011110110110001111110001
00000011110111000101111110001
00000011110111000110111110001
00000011110111000111011110001
00000011110111000111101110001
00000011110111000111110110001
00000011110111000111111000101
00000011110111000111111001001
00000011110111000111111010001
00000011110111000111111100001
00000011110111001001111110001
00000011110111010001111110001
00000011110111101011100000111
00000011110111101101100000111
00000011110111101110000010111
00000011110111101110000011011
00000011110111101110000011101
00000011110111101110000100111
00000011110111101110001000111
00000011110111101110010000111
00000011110111101110100000111
00000011110111110011100000111
00000011110111110101100000111
00000011110111110110000010111
00000011110111110110000011011
00000011110111110110000011101
00000011110111110110000100111
00000011110111110110001000111
00000011110111110110010000111
00000011110111110110100000111
00000011110111111000001001111
00000011110111111000001010111
00000011110111111000001011011
00000011110111111000001011101
00000011110111111000001100111
00000011110111111000001101011
00000011110111111000001101101
00000011110111111000001110011
00000011110111111000001110101
00000011110111111000010001111
00000011110111111000010010111
00000011110111111000010011011
00000011110111111000010011101
00000011110111111000010100111
00000011110111111000011000111
00000011110111111000100001111
00000011110111111000100010111
00000011110111111000100011011
00000011110111111000100011101
00000011110111111000100100111
00000011110111111000101000111
00000011110111111000110000111
00000011110111111001000001111
00000011110111111001000010111
00000011110111111001000011011
00000011110111111001000011101
00000011110111111001000100111
00000011110111111001001000111
00000011110111111001010000111
00000011110111111001100000111
00000011110111111010000010111
00000011110111111010000011011
00000011110111111010000011101
00000011110111111010000100111
00000011110111111010001000111
00000011110111111010010000111
00000011110111111010100000111
00000011110111111100000100111
00000011110111111100000111001
00000011110111111100001000111
00000011110111111100010000111
00000011110111111100100000111
00000011111000111100011111001
00000011111001110001111110001
00000011111010110001111110001
00000011111011000101111110001
00000011111011000110111110001
00000011111011000111011110001
00000011111011000111101110001
00000011111011000111110110001
00000011111011000111111000101
00000011111011000111111001001
00000011111011000111111010001
00000011111011000111111100001
00000011111011001001111110001
00000011111011010001111110001
00000011111011111000001001111
00000011111011111000010001111
00000011111011111000100001111
00000011111011111001000001111
00000011111011111100000111001
00000011111100010101111110001
00000011111100010110111110001
00000011111100010111011110001
00000011111100010111101110001
00000011111100010111110110001
00000011111100010111111000101
00000011111100010111111001001
00000011111100010111111010001
00000011111100010111111100001
00000011111100011001111110001
00000011111100011010111110001
00000011111100011011011110001
00000011111100011011101110001
00000011111100011011110110001
00000011111100011011111000101
00000011111100011011111001001
00000011111100011011111010001
00000011111100011011111100001
00000011111100011100111110001
00000011111100011101011110001
00000011111100011101101110001
00000011111100011101110110001
00000011111100011101111000101
00000011111100011101111001001
00000011111100011101111010001
00000011111100011101111100001
00000011111100011110011110001
00000011111100011110101110001
00000011111100011110110110001
00000011111100011110111000101
00000011111100011110111001001
00000011111100011110111010001
00000011111100011110111100001
00000011111100011111001110001
00000011111100011111010110001
00000011111100011111011000101
00000011111100011111011001001
00000011111100011111011010001
00000011111100011111011100001
00000011111100011111100010101
00000011111100011111100011001
00000011111100011111100100101
00000011111100011111100101001
00000011111100011111100110001
00000011111100011111101000101
00000011111100011111101001001
00000011111100011111101010001
00000011111100011111101100001
00000011111100011111110000101
00000011111100011111110001001
00000011111100011111110010001
00000011111100011111110100001
00000011111100011111111000001
00000011111100100101111110001
00000011111100100110111110001
00000011111100100111011110001
00000011111100100111101110001
00000011111100100111110110001
00000011111100100111111000101
00000011111100100111111001001
00000011111100100111111010001
00000011111100100111111100001
00000011111100101001111110001
00000011111100110001111110001
00000011111101000101111110001
00000011111101000110111110001
00000011111101000111011110001
00000011111101000111101110001
00000011111101000111110110001
00000011111101000111111000101
00000011111101000111111001001
00000011111101000111111010001
00000011111101000111111100001
00000011111101001001111110001
00000011111101010001111110001
00000011111101111000001001111
00000011111101111000010001111
00000011111101111000100001111
00000011111101111001000001111
00000011111110000111111100001
00000011111110101011100000111
00000011111110101101100000111
00000011111110101110000010111
00000011111110101110000011011
00000011111110101110000011101
00000011111110101110000100111
00000011111110101110001000111
00000011111110101110010000111
00000011111110101110100000111
00000011111110110011100000111
00000011111110110101100000111
00000011111110110110000010111
00000011111110110110000011011
00000011111110110110000011101
00000011111110110110000100111
00000011111110110110001000111
00000011111110110110010000111
00000011111110110110100000111
00000011111110111000001001111
00000011111110111000001010111
00000011111110111000001011011
00000011111110111000001011101
00000011111110111000001100111
00000011111110111000001101011
00000011111110111000001101101
00000011111110111000001110011
00000011111110111000001110101
00000011111110111000010001111
00000011111110111000010010111
00000011111110111000010011011
00000011111110111000010011101
00000011111110111000010100111
00000011111110111000011000111
00000011111110111000100001111
00000011111110111000100010111
00000011111110111000100011011
00000011111110111000100011101
00000011111110111000100100111
00000011111110111000101000111
00000011111110111000110000111
00000011111110111001000001111
00000011111110111001000010111
00000011111110111001000011011
00000011111110111001000011101
00000011111110111001000100111
00000011111110111001001000111
00000011111110111001010000111
00000011111110111001100000111
00000011111110111010000010111
00000011111110111010000011011
00000011111110111010000011101
00000011111110111010000100111
00000011111110111010001000111
00000011111110111010010000111
00000011111110111010100000111
00000011111110111100000100111
00000011111110111100001000111
00000011111110111100010000111
00000011111110111100100000111
00000011111111000111000001111
00000011111111001011100000111
00000011111111001101100000111
00000011111111001110000010111
00000011111111001110000011011
00000011111111001110000011101
00000011111111001110000100111
00000011111111001110001000111
00000011111111001110010000111
00000011111111001110100000111
00000011111111010011100000111
00000011111111010101100000111
00000011111111010110000010111
00000011111111010110000011011
00000011111111010110000011101
00000011111111010110000100111
00000011111111010110001000111
00000011111111010110010000111
00000011111111010110100000111
00000011111111011000001001111
00000011111111011000001010111
00000011111111011000001011011
00000011111111011000001011101
00000011111111011000001100111
00000011111111011000001101011
00000011111111011000001101101
00000011111111011000001110011
00000011111111011000001110101
00000011111111011000010001111
00000011111111011000010010111
00000011111111011000010011011
00000011111111011000010011101
00000011111111011000010100111
00000011111111011000011000111
00000011111111011000100001111
00000011111111011000100010111
00000011111111011000100011011
00000011111111011000100011101
00000011111111011000100100111
00000011111111011000101000111
00000011111111011000110000111
00000011111111011001000001111
00000011111111011001000010111
00000011111111011001000011011
00000011111111011001000011101
00000011111111011001000100111
00000011111111011001001000111
00000011111111011001010000111
00000011111111011001100000111
00000011111111011010000010111
00000011111111011010000011011
00000011111111011010000011101
00000011111111011010000100111
00000011111111011010001000111
00000011111111011010010000111
00000011111111011010100000111
00000011111111011100000100111
00000011111111011100000111001
00000011111111011100001000111
00000011111111011100010000111
00000011111111011100100000111
00000011111111100000100101111
00000011111111100000100110111
00000011111111100000100111011
00000011111111100000100111101
00000011111111100000101001111
00000011111111100000101010111
00000011111111100000101011011
00000011111111100000101011101
00000011111111100000101100111
00000011111111100000101101011
00000011111111100000101101101
00000011111111100000101110011
00000011111111100000101110101
00000011111111100000110001111
00000011111111100000110010111
00000011111111100000110011011
00000011111111100000110011101
00000011111111100000110100111
00000011111111100000110101011
00000011111111100000110101101
00000011111111100000110110011
00000011111111100000110110101
00000011111111100000111000111
00000011111111100000111001011
00000011111111100000111001101
00000011111111100000111010011
00000011111111100000111010101
00000011111111100001000101111
00000011111111100001000110111
00000011111111100001000111011
00000011111111100001000111101
00000011111111100001001001111
00000011111111100001001010111
00000011111111100001001011011
00000011111111100001001011101
00000011111111100001001100111
00000011111111100001001101011
00000011111111100001001101101
00000011111111100001001110011
00000011111111100001001110101
00000011111111100001010001111
00000011111111100001010010111
00000011111111100001010011011
00000011111111100001010011101
00000011111111100001010100111
00000011111111100001011000111
00000011111111100001100001111
00000011111111100001100010111
00000011111111100001100011011
00000011111111100001100011101
00000011111111100001100100111
00000011111111100001101000111
00000011111111100001110000111
00000011111111100010000101111
00000011111111100010000110111
00000011111111100010000111011
00000011111111100010000111101
00000011111111100010001001111
00000011111111100010001010111
00000011111111100010001011011
00000011111111100010001011101
00000011111111100010001100111
00000011111111100010001101011
00000011111111100010001101101
00000011111111100010001110011
00000011111111100010001110101
00000011111111100010010001111
00000011111111100010010010111
00000011111111100010010011011
00000011111111100010010011101
00000011111111100010010100111
00000011111111100010011000111
00000011111111100010100001111
00000011111111100010100010111
00000011111111100010100011011
00000011111111100010100011101
00000011111111100010100100111
00000011111111100010101000111
00000011111111100010110000111
00000011111111100011000001111
00000011111111100011000010111
00000011111111100011000011011
00000011111111100011000011101
00000011111111100011000100111
00000011111111100011001000111
00000011111111100011010000111
00000011111111100011100000111
00000011111111100100000101111
00000011111111100100000110111
00000011111111100100000111011
00000011111111100100000111101
00000011111111100100001001111
00000011111111100100001010111
00000011111111100100001011011
00000011111111100100001011101
00000011111111100100001100111
00000011111111100100001101011
00000011111111100100001101101
00000011111111100100001110011
00000011111111100100001110101
00000011111111100100010001111
00000011111111100100010010111
00000011111111100100010011011
00000011111111100100010011101
00000011111111100100010100111
00000011111111100100011000111
00000011111111100100100001111
00000011111111100100100010111
00000011111111100100100011011
00000011111111100100100011101
00000011111111100100100100111
00000011111111100100101000111
00000011111111100100110000111
00000011111111100101000001111
00000011111111100101000010111
00000011111111100101000011011
00000011111111100101000011101
00000011111111100101000100111
00000011111111100101001000111
00000011111111100101010000111
00000011111111100101100000111
00000011111111100110000010111
00000011111111100110000011011
00000011111111100110000011101
00000011111111100110000100111
00000011111111100110001000111
00000011111111100110010000111
00000011111111100110100000111
00000011111111101000001001111
00000011111111101000001010111
00000011111111101000001011011
00000011111111101000001011101
00000011111111101000001100111
00000011111111101000001101011
00000011111111101000001101101
00000011111111101000001110011
00000011111111101000001110101
00000011111111101000010001111
00000011111111101000010010111
00000011111111101000010011011
00000011111111101000010011101
00000011111111101000010100111
00000011111111101000011000111
00000011111111101000100001111
00000011111111101000100010111
00000011111111101000100011011
00000011111111101000100011101
00000011111111101000100100111
00000011111111101000101000111
00000011111111101000110000111
00000011111111101001000001111
00000011111111101001000010111
00000011111111101001000011011
00000011111111101001000011101
00000011111111101001000100111
00000011111111101001001000111
00000011111111101001010000111
00000011111111101001100000111
00000011111111101010000010111
00000011111111101010000011011
00000011111111101010000011101
00000011111111101010000100111
00000011111111101010001000111
00000011111111101010010000111
00000011111111101010100000111
00000011111111101100000100111
00000011111111101100000111001
00000011111111101100001000111
00000011111111101100010000111
00000011111111101100100000111
00000011111111110000010001111
00000011111111110000010010111
00000011111111110000010011011
00000011111111110000010011101
00000011111111110000010100111
00000011111111110000010111001
00000011111111110000011000111
00000011111111110000011011001
00000011111111110000011100011
00000011111111110000011100101
00000011111111110000011101001
00000011111111110000100001111
00000011111111110000100010111
00000011111111110000100011011
00000011111111110000100011101
00000011111111110000100100111
00000011111111110000100111001
00000011111111110000101000111
00000011111111110000110000111
00000011111111110001000001111
00000011111111110001000010111
00000011111111110001000011011
00000011111111110001000011101
00000011111111110001000100111
00000011111111110001000111001
00000011111111110001001000111
00000011111111110001010000111
00000011111111110001100000111
00000011111111110010000010111
00000011111111110010000011011
00000011111111110010000011101
00000011111111110010000100111
00000011111111110010000111001
00000011111111110010001000111
00000011111111110010010000111
00000011111111110010100000111
00000011111111110100000100111
00000011111111110100000111001
00000011111111110100001000111
00000011111111110100010000111
00000011111111110100100000111
00000011111111111000001000111
00000011111111111000001110001
00000011111111111000010000111
00000011111111111000100000111
00000100000111111100001111111
00000100001110000011111111111
00000100001111111000111111001
00000100001111111111100000111
00000100010111000001111111111
00000100010111111000111111001
00000100010111111111100000111
00000100011011000001111111111
00000100011011111000111111001
00000100011011111111100000111
00000100011100000101111111111
00000100011100000110111111111
00000100011100000111011111111
00000100011100000111111011111
00000100011100000111111101111
00000100011100000111111110111
00000100011100000111111111011
00000100011100000111111111101
00000100011100001001111111111
00000100011100010001111111111
00000100011100100001111111111
00000100011101000001111111111
00000100011101111000111111001
00000100011101111111100000111
00000100011110111000111111001
00000100011110111111100000111
00000100011111000111100011111
00000100011111011000111111001
00000100011111011111100000111
00000100011111100010111111001
00000100011111100011011111001
00000100011111100011101111001
00000100011111100011110111001
00000100011111100011111011001
00000100011111100011111100011
00000100011111100011111100101
00000100011111100011111101001
00000100011111100011111110001
00000100011111100100111111001
00000100011111101000111111001
00000100011111110001111110001
00000100011111111011100000111
00000100011111111101100000111
00000100011111111110000010111
00000100011111111110000011011
00000100011111111110000011101
00000100011111111110000100111
00000100011111111110001000111
00000100011111111110010000111
00000100011111111110100000111
00000100100111000001111111111
00000100100111111000111111001
00000100100111111111100000111
00000100101011100000111111111
00000100101011111111100000111
00000100101101100000111111111
00000100101101111111100000111
00000100101110000010111111111
00000100101110000011011111111
00000100101110000011101111111
00000100101110000011111101111
00000100101110000011111110111
00000100101110000011111111011
00000100101110000011111111101
00000100101110000100111111111
00000100101110001000111111111
00000100101110010000111111111
00000100101110100000111111111
00000100101110111111100000111
00000100101111011111100000111
00000100101111110001111110001
00000100101111111011100000111
00000100101111111101100000111
00000100101111111110000010111
00000100101111111110000011011
00000100101111111110000011101
00000100101111111110000100111
00000100101111111110001000111
00000100101111111110010000111
00000100101111111110100000111
00000100110011100000111111111
00000100110011111111100000111
00000100110101100000111111111
00000100110101111111100000111
00000100110110000010111111111
00000100110110000011011111111
00000100110110000011101111111
00000100110110000011111101111
00000100110110000011111110111
00000100110110000011111111011
00000100110110000011111111101
00000100110110000100111111111
00000100110110001000111111111
00000100110110010000111111111
00000100110110100000111111111
00000100110110111111100000111
00000100110111011111100000111
00000100110111110001111110001
00000100110111111011100000111
00000100110111111101100000111
00000100110111111110000010111
00000100110111111110000011011
00000100110111111110000011101
00000100110111111110000100111
00000100110111111110001000111
00000100110111111110010000111
00000100110111111110100000111
00000100111000001001111111111
00000100111000001010111111111
00000100111000001011011111111
00000100111000001011101111111
00000100111000001011111101111
00000100111000001011111110111
00000100111000001011111111011
00000100111000001011111111101
00000100111000001100111111111
00000100111000001101011111111
00000100111000001101101111111
00000100111000001101111101111
00000100111000001101111110111
00000100111000001101111111011
00000100111000001101111111101
00000100111000001110011111111
00000100111000001110101111111
00000100111000001110111101111
00000100111000001110111110111
00000100111000001110111111011
00000100111000001110111111101
00000100111000001111110101111
00000100111000001111110110111
00000100111000001111110111011
00000100111000001111110111101
00000100111000001111111001111
00000100111000001111111010111
00000100111000001111111011011
00000100111000001111111011101
00000100111000001111111100111
00000100111000001111111101011
00000100111000001111111101101
00000100111000001111111110011
00000100111000001111111110101
00000100111000001111111111001
00000100111000010001111111111
00000100111000010010111111111
00000100111000010011011111111
00000100111000010011101111111
00000100111000010011111101111
00000100111000010011111110111
00000100111000010011111111011
00000100111000010011111111101
00000100111000010100111111111
00000100111000011000111111111
00000100111000100001111111111
00000100111000100010111111111
00000100111000100011011111111
00000100111000100011101111111
00000100111000100011111101111
00000100111000100011111110111
00000100111000100011111111011
00000100111000100011111111101
00000100111000100100111111111
00000100111000101000111111111
00000100111000110000111111111
00000100111001000001111111111
00000100111001000010111111111
00000100111001000011011111111
00000100111001000011101111111
00000100111001000011111101111
00000100111001000011111110111
00000100111001000011111111011
00000100111001000011111111101
00000100111001000100111111111
00000100111001001000111111111
00000100111001010000111111111
00000100111001100000111111111
00000100111001111111100000111
00000100111010000010111111111
00000100111010000011011111111
00000100111010000011101111111
00000100111010000011111101111
00000100111010000011111110111
00000100111010000011111111011
00000100111010000011111111101
00000100111010000100111111111
00000100111010001000111111111
00000100111010010000111111111
00000100111010100000111111111
00000100111010111111100000111
00000100111011011111100000111
00000100111011110001111110001
00000100111011111011100000111
00000100111011111101100000111
00000100111011111110000010111
00000100111011111110000011011
00000100111011111110000011101
00000100111011111110000100111
00000100111011111110001000111
00000100111011111110010000111
00000100111011111110100000111
00000100111100000100111111111
00000100111100001000111111111
00000100111100010000111111111
00000100111100100000111111111
00000100111100111111100000111
00000100111101011111100000111
00000100111101110001111110001
00000100111101111011100000111
00000100111101111101100000111
00000100111101111110000010111
00000100111101111110000011011
00000100111101111110000011101
00000100111101111110000100111
00000100111101111110001000111
00000100111101111110010000111
00000100111101111110100000111
00000100111110110001111110001
00000100111111000101111110001
00000100111111000110111110001
00000100111111000111011110001
00000100111111000111101110001
00000100111111000111110110001
00000100111111000111111000101
00000100111111000111111001001
00000100111111000111111010001
00000100111111000111111100001
00000100111111001001111110001
00000100111111010001111110001
00000100111111101011100000111
00000100111111101101100000111
00000100111111101110000010111
00000100111111101110000011011
00000100111111101110000011101
00000100111111101110000100111
00000100111111101110001000111
00000100111111101110010000111
00000100111111101110100000111
00000100111111110011100000111
00000100111111110101100000111
00000100111111110110000010111
00000100111111110110000011011
00000100111111110110000011101
00000100111111110110000100111
00000100111111110110001000111
00000100111111110110010000111
00000100111111110110100000111
00000100111111111000001010111
00000100111111111000001011011
00000100111111111000001011101
00000100111111111000001100111
00000100111111111000001101011
00000100111111111000001101101
00000100111111111000001110011
00000100111111111000001110101
00000100111111111000010001111
00000100111111111000010010111
00000100111111111000010011011
00000100111111111000010011101
00000100111111111000010100111
00000100111111111000011000111
00000100111111111000100001111
00000100111111111000100010111
00000100111111111000100011011
00000100111111111000100011101
00000100111111111000100100111
00000100111111111000101000111
00000100111111111000110000111
00000100111111111001000001111
00000100111111111001000010111
00000100111111111001000011011
00000100111111111001000011101
00000100111111111001000100111
00000100111111111001001000111
00000100111111111001010000111
00000100111111111001100000111
00000100111111111010000010111
00000100111111111010000011011
00000100111111111010000011101
00000100111111111010000100111
00000100111111111010001000111
00000100111111111010010000111
00000100111111111010100000111
00000100111111111100000111001
00000100111111111100001000111
00000100111111111100010000111
00000100111111111100100000111
00000101000111000001111111111
00000101000111111000111111001
00000101000111111111100000111
00000101001011100000111111111
00000101001011111111100000111
00000101001101100000111111111
00000101001101111111100000111
00000101001110000010111111111
00000101001110000011011111111
00000101001110000011101111111
00000101001110000011111101111
00000101001110000011111110111
00000101001110000011111111011
00000101001110000011111111101
00000101001110000100111111111
00000101001110001000111111111
00000101001110010000111111111
00000101001110100000111111111
00000101001110111111100000111
00000101001111011111100000111
00000101001111110001111110001
00000101001111111011100000111
00000101001111111101100000111
00000101001111111110000010111
00000101001111111110000011011
00000101001111111110000011101
00000101001111111110000100111
00000101001111111110001000111
00000101001111111110010000111
00000101001111111110100000111
00000101010011100000111111111
00000101010011111111100000111
00000101010101110000011111111
00000101010101111111100000111
00000101010110110000011111111
00000101010110111111100000111
00000101010111000001011111111
00000101010111000001101111111
00000101010111000001110111111
00000101010111000001111110111
00000101010111000001111111011
00000101010111000001111111101
00000101010111000010011111111
00000101010111000100011111111
00000101010111001000011111111
00000101010111010000011111111
00000101010111011111100000111
00000101010111111011100000111
00000101010111111101100000111
00000101010111111110000010111
00000101010111111110000011011
00000101010111111110000011101
00000101010111111110000100111
00000101010111111110001000111
00000101010111111110010000111
00000101010111111110100000111
00000101011001110000011111111
00000101011001111111100000111
00000101011010110000011111111
00000101011010111111100000111
00000101011011000001011111111
00000101011011000001101111111
00000101011011000001110111111
00000101011011000001111110111
00000101011011000001111111011
00000101011011000001111111101
00000101011011000010011111111
00000101011011000100011111111
00000101011011001000011111111
00000101011011010000011111111
00000101011011011111100000111
00000101011011111011100000111
00000101011011111101100000111
00000101011011111110000010111
00000101011011111110000011011
00000101011011111110000011101
00000101011011111110000100111
00000101011011111110001000111
00000101011011111110010000111
00000101011011111110100000111
00000101011100000101011111111
00000101011100000101101111111
00000101011100000101110111111
00000101011100000101111110111
00000101011100000101111111011
00000101011100000101111111101
00000101011100000110011111111
00000101011100000110101111111
00000101011100000110110111111
00000101011100000110111110111
00000101011100000110111111011
00000101011100000110111111101
00000101011100000111001111111
00000101011100000111010111111
00000101011100000111011110111
00000101011100000111011111011
00000101011100000111011111101
00000101011100000111111010111
00000101011100000111111011011
00000101011100000111111011101
00000101011100000111111100111
00000101011100000111111101011
00000101011100000111111101101
00000101011100000111111110011
00000101011100000111111110101
00000101011100000111111111001
00000101011100001000111111111
00000101011100001001011111111
00000101011100001001101111111
00000101011100001001110111111
00000101011100001001111110111
00000101011100001001111111011
00000101011100001001111111101
00000101011100001010011111111
00000101011100001100011111111
00000101011100010000111111111
00000101011100010001011111111
00000101011100010001101111111
00000101011100010001110111111
00000101011100010001111110111
00000101011100010001111111011
00000101011100010001111111101
00000101011100010010011111111
00000101011100010100011111111
00000101011100011000011111111
00000101011100100000111111111
00000101011100100001011111111
00000101011100100001101111111
00000101011100100001110111111
00000101011100100001111110111
00000101011100100001111111011
00000101011100100001111111101
00000101011100100010011111111
00000101011100100100011111111
00000101011100101000011111111
00000101011100110000011111111
00000101011100111111100000111
00000101011101000001011111111
00000101011101000001101111111
00000101011101000001110111111
00000101011101000001111110111
00000101011101000001111111011
00000101011101000001111111101
00000101011101000010011111111
00000101011101000100011111111
00000101011101001000011111111
00000101011101010000011111111
00000101011101011111100000111
00000101011101111011100000111
00000101011101111101100000111
00000101011101111110000010111
00000101011101111110000011011
00000101011101111110000011101
00000101011101111110000100111
00000101011101111110001000111
00000101011101111110010000111
00000101011101111110100000111
00000101011111101011100000111
00000101011111101101100000111
00000101011111101110000010111
00000101011111101110000011011
00000101011111101110000011101
00000101011111101110000100111
00000101011111101110001000111
00000101011111101110010000111
00000101011111101110100000111
00000101011111110011100000111
00000101011111110101100000111
00000101011111110110000010111
00000101011111110110000011011
00000101011111110110000011101
00000101011111110110000100111
00000101011111110110001000111
00000101011111110110010000111
00000101011111110110100000111
00000101011111111000001011011
00000101011111111000001011101
00000101011111111000001100111
00000101011111111000001101011
00000101011111111000001101101
00000101011111111000001110011
00000101011111111000001110101
00000101011111111000010010111
00000101011111111000010011011
00000101011111111000010011101
00000101011111111000010100111
00000101011111111000011000111
00000101011111111000100010111
00000101011111111000100011011
00000101011111111000100011101
00000101011111111000100100111
00000101011111111000101000111
00000101011111111000110000111
00000101011111111001000010111
00000101011111111001000011011
00000101011111111001000011101
00000101011111111001000100111
00000101011111111001001000111
00000101011111111001010000111
00000101011111111001100000111
00000101011111111010000010111
00000101011111111010000011011
00000101011111111010000011101
00000101011111111010000100111
00000101011111111010001000111
00000101011111111010010000111
00000101011111111010100000111
00000101011111111100000111001
00000101011111111100001000111
00000101011111111100010000111
00000101011111111100100000111
00000101100011100000111111111
00000101100011111111100000111
00000101100101110000011111111
00000101100101111111100000111
00000101100110110000011111111
00000101100110111111100000111
00000101100111000001011111111
00000101100111000001101111111
00000101100111000001110111111
00000101100111000001111110111
00000101100111000001111111011
00000101100111000001111111101
00000101100111000010011111111
00000101100111000100011111111
00000101100111001000011111111
00000101100111010000011111111
00000101100111011111100000111
00000101100111111011100000111
00000101100111111101100000111
00000101100111111110000010111
00000101100111111110000011011
00000101100111111110000011101
00000101100111111110000100111
00000101100111111110001000111
00000101100111111110010000111
00000101100111111110100000111
00000101101001110000011111111
00000101101001111111100000111
00000101101010110000011111111
00000101101010111111100000111
00000101101011000001011111111
00000101101011000001101111111
00000101101011000001110111111
00000101101011000001111110111
00000101101011000001111111011
00000101101011000001111111101
00000101101011000010011111111
00000101101011000100011111111
00000101101011001000011111111
00000101101011010000011111111
00000101101011011111100000111
00000101101011111011100000111
00000101101011111101100000111
00000101101011111110000010111
00000101101011111110000011011
00000101101011111110000011101
00000101101011111110000100111
00000101101011111110001000111
00000101101011111110010000111
00000101101011111110100000111
00000101101100000101101111111
00000101101100000101110111111
00000101101100000101111110111
00000101101100000101111111011
00000101101100000101111111101
00000101101100000110011111111
00000101101100000110101111111
00000101101100000110110111111
00000101101100000110111110111
00000101101100000110111111011
00000101101100000110111111101
00000101101100000111001111111
00000101101100000111010111111
00000101101100000111011110111
00000101101100000111011111011
00000101101100000111011111101
00000101101100000111111010111
00000101101100000111111011011
00000101101100000111111011101
00000101101100000111111100111
00000101101100000111111101011
00000101101100000111111101101
00000101101100000111111110011
00000101101100000111111110101
00000101101100000111111111001
00000101101100001000111111111
00000101101100001001011111111
00000101101100001001101111111
00000101101100001001110111111
00000101101100001001111110111
00000101101100001001111111011
00000101101100001001111111101
00000101101100001010011111111
00000101101100001100011111111
00000101101100010000111111111
00000101101100010001011111111
00000101101100010001101111111
00000101101100010001110111111
00000101101100010001111110111
00000101101100010001111111011
00000101101100010001111111101
00000101101100010010011111111
00000101101100010100011111111
00000101101100011000011111111
00000101101100100000111111111
00000101101100100001011111111
00000101101100100001101111111
00000101101100100001110111111
00000101101100100001111110111
00000101101100100001111111011
00000101101100100001111111101
00000101101100100010011111111
00000101101100100100011111111
00000101101100101000011111111
00000101101100110000011111111
00000101101100111111100000111
00000101101101000001011111111
00000101101101000001101111111
00000101101101000001110111111
00000101101101000001111110111
00000101101101000001111111011
00000101101101000001111111101
00000101101101000010011111111
00000101101101000100011111111
00000101101101001000011111111
00000101101101010000011111111
00000101101101011111100000111
00000101101101111011100000111
00000101101101111101100000111
00000101101101111110000010111
00000101101101111110000011011
00000101101101111110000011101
00000101101101111110000100111
00000101101101111110001000111
00000101101101111110010000111
00000101101101111110100000111
00000101101111101011100000111
00000101101111101101100000111
00000101101111101110000010111
00000101101111101110000011011
00000101101111101110000011101
00000101101111101110000100111
00000101101111101110001000111
00000101101111101110010000111
00000101101111101110100000111
00000101101111110011100000111
00000101101111110101100000111
00000101101111110110000010111
00000101101111110110000011011
00000101101111110110000011101
00000101101111110110000100111
00000101101111110110001000111
00000101101111110110010000111
00000101101111110110100000111
00000101101111111000001011101
00000101101111111000001100111
00000101101111111000001101011
00000101101111111000001101101
00000101101111111000001110011
00000101101111111000001110101
00000101101111111000010010111
00000101101111111000010011011
00000101101111111000010011101
00000101101111111000010100111
00000101101111111000011000111
00000101101111111000100010111
00000101101111111000100011011
00000101101111111000100011101
00000101101111111000100100111
00000101101111111000101000111
00000101101111111000110000111
00000101101111111001000010111
00000101101111111001000011011
00000101101111111001000011101
00000101101111111001000100111
00000101101111111001001000111
00000101101111111001010000111
00000101101111111001100000111
00000101101111111010000010111
00000101101111111010000011011
00000101101111111010000011101
00000101101111111010000100111
00000101101111111010001000111
00000101101111111010010000111
00000101101111111010100000111
00000101101111111100000111001
00000101101111111100001000111
00000101101111111100010000111
00000101101111111100100000111
00000101110000010111001111111
00000101110000010111010111111
00000101110000010111011110111
00000101110000010111011111011
00000101110000010111011111101
00000101110000010111111010111
00000101110000010111111011011
00000101110000010111111011101
00000101110000010111111100111
00000101110000010111111101011
00000101110000010111111101101
00000101110000010111111110011
00000101110000010111111110101
00000101110000010111111111001
00000101110000011000111111111
00000101110000011001011111111
00000101110000011001101111111
00000101110000011001110111111
00000101110000011001111110111
00000101110000011001111111011
00000101110000011001111111101
00000101110000011010011111111
00000101110000011010101111111
00000101110000011010110111111
00000101110000011010111110111
00000101110000011010111111011
00000101110000011010111111101
00000101110000011011001111111
00000101110000011011010111111
00000101110000011011011110111
00000101110000011011011111011
00000101110000011011011111101
00000101110000011011111010111
00000101110000011011111011011
00000101110000011011111011101
00000101110000011011111100111
00000101110000011011111101011
00000101110000011011111101101
00000101110000011011111110011
00000101110000011011111110101
00000101110000011011111111001
00000101110000011100011111111
00000101110000011100101111111
00000101110000011100110111111
00000101110000011100111110111
00000101110000011100111111011
00000101110000011100111111101
00000101110000011101001111111
00000101110000011101010111111
00000101110000011101011110111
00000101110000011101011111011
00000101110000011101011111101
00000101110000011101111010111
00000101110000011101111011011
00000101110000011101111011101
00000101110000011101111100111
00000101110000011101111101011
00000101110000011101111101101
00000101110000011101111110011
00000101110000011101111110101
00000101110000011101111111001
00000101110000011111101010111
00000101110000011111101011011
00000101110000011111101011101
00000101110000011111101100111
00000101110000011111101101011
00000101110000011111101101101
00000101110000011111101110011
00000101110000011111101110101
00000101110000011111101111001
00000101110000011111110010111
00000101110000011111110011011
00000101110000011111110011101
00000101110000011111110100111
00000101110000011111110101011
00000101110000011111110101101
00000101110000011111110110011
00000101110000011111110110101
00000101110000011111110111001
00000101110000011111111000111
00000101110000011111111001011
00000101110000011111111001101
00000101110000011111111010011
00000101110000011111111010101
00000101110000011111111011001
00000101110000011111111100011
00000101110000011111111100101
00000101110000011111111101001
00000101110000011111111110001
00000101110000100001111111111
00000101110000100010111111111
00000101110000100011011111111
00000101110000100011101111111
00000101110000100011110111111
00000101110000100011111110111
00000101110000100011111111011
00000101110000100011111111101
00000101110000100100111111111
00000101110000100101011111111
00000101110000100101101111111
00000101110000100101110111111
00000101110000100101111110111
00000101110000100101111111011
00000101110000100101111111101
00000101110000100110011111111
00000101110000100110101111111
00000101110000100110110111111
00000101110000100110111110111
00000101110000100110111111011
00000101110000100110111111101
00000101110000100111001111111
00000101110000100111010111111
00000101110000100111011110111
00000101110000100111011111011
00000101110000100111011111101
00000101110000100111111010111
00000101110000100111111011011
00000101110000100111111011101
00000101110000100111111100111
00000101110000100111111101011
00000101110000100111111101101
00000101110000100111111110011
00000101110000100111111110101
00000101110000100111111111001
00000101110000101000111111111
00000101110000101001011111111
00000101110000101001101111111
00000101110000101001110111111
00000101110000101001111110111
00000101110000101001111111011
00000101110000101001111111101
00000101110000101010011111111
00000101110000101100011111111
00000101110000110000111111111
00000101110000110001011111111
00000101110000110001101111111
00000101110000110001110111111
00000101110000110001111110111
00000101110000110001111111011
00000101110000110001111111101
00000101110000110010011111111
00000101110000110100011111111
00000101110000111000011111111
00000101110000111111110000111
00000101110001000001111111111
00000101110001000010111111111
00000101110001000011011111111
00000101110001000011101111111
00000101110001000011110111111
00000101110001000011111110111
00000101110001000011111111011
00000101110001000011111111101
00000101110001000100111111111
00000101110001000101011111111
00000101110001000101101111111
00000101110001000101110111111
00000101110001000101111110111
00000101110001000101111111011
00000101110001000101111111101
00000101110001000110011111111
00000101110001000110101111111
00000101110001000110110111111
00000101110001000110111110111
00000101110001000110111111011
00000101110001000110111111101
00000101110001000111001111111
00000101110001000111010111111
00000101110001000111011110111
00000101110001000111011111011
00000101110001000111011111101
00000101110001000111111010111
00000101110001000111111011011
00000101110001000111111011101
00000101110001000111111100111
00000101110001000111111101011
00000101110001000111111101101
00000101110001000111111110011
00000101110001000111111110101
00000101110001000111111111001
00000101110001001000111111111
00000101110001001001011111111
00000101110001001001101111111
00000101110001001001110111111
00000101110001001001111110111
00000101110001001001111111011
00000101110001001001111111101
00000101110001001010011111111
00000101110001001100011111111
00000101110001010000111111111
00000101110001010001011111111
00000101110001010001101111111
00000101110001010001110111111
00000101110001010001111110111
00000101110001010001111111011
00000101110001010001111111101
00000101110001010010011111111
00000101110001010100011111111
00000101110001011000011111111
00000101110001100000111111111
00000101110001100001011111111
00000101110001100001101111111
00000101110001100001110111111
00000101110001100001111110111
00000101110001100001111111011
00000101110001100001111111101
00000101110001100010011111111
00000101110001100100011111111
00000101110001101000011111111
00000101110001110000011111111
00000101110001111111100000111
00000101110010000010111111111
00000101110010000011011111111
00000101110010000011101111111
00000101110010000011110111111
00000101110010000011111110111
00000101110010000011111111011
00000101110010000011111111101
00000101110010000100111111111
00000101110010000101011111111
00000101110010000101101111111
00000101110010000101110111111
00000101110010000101111110111
00000101110010000101111111011
00000101110010000101111111101
00000101110010000110011111111
00000101110010000110101111111
00000101110010000110110111111
00000101110010000110111110111
00000101110010000110111111011
00000101110010000110111111101
00000101110010000111001111111
00000101110010000111010111111
00000101110010000111011110111
00000101110010000111011111011
00000101110010000111011111101
00000101110010000111111010111
00000101110010000111111011011
00000101110010000111111011101
00000101110010000111111100111
00000101110010000111111101011
00000101110010000111111101101
00000101110010000111111110011
00000101110010000111111110101
00000101110010000111111111001
00000101110010001000111111111
00000101110010001001011111111
00000101110010001001101111111
00000101110010001001110111111
00000101110010001001111110111
00000101110010001001111111011
00000101110010001001111111101
00000101110010001010011111111
00000101110010001100011111111
00000101110010010000111111111
00000101110010010001011111111
00000101110010010001101111111
00000101110010010001110111111
00000101110010010001111110111
00000101110010010001111111011
00000101110010010001111111101
00000101110010010010011111111
00000101110010010100011111111
00000101110010011000011111111
00000101110010100000111111111
00000101110010100001011111111
00000101110010100001101111111
00000101110010100001110111111
00000101110010100001111110111
00000101110010100001111111011
00000101110010100001111111101
00000101110010100010011111111
00000101110010100100011111111
00000101110010101000011111111
00000101110010110000011111111
00000101110010111111100000111
00000101110011000001011111111
00000101110011000001101111111
00000101110011000001110111111
00000101110011000001111110111
00000101110011000001111111011
00000101110011000001111111101
00000101110011000010011111111
00000101110011000100011111111
00000101110011001000011111111
00000101110011010000011111111
00000101110011011111100000111
00000101110011111011100000111
00000101110011111101100000111
00000101110011111110000011011
00000101110011111110000011101
00000101110011111110000100111
00000101110011111110001000111
00000101110011111110010000111
00000101110011111110100000111
00000101110100000101110111111
00000101110100000101111110111
00000101110100000101111111011
00000101110100000101111111101
00000101110100000110011111111
00000101110100000110101111111
00000101110100000110110111111
00000101110100000110111110111
00000101110100000110111111011
00000101110100000110111111101
00000101110100000111001111111
00000101110100000111010111111
00000101110100000111011110111
00000101110100000111011111011
00000101110100000111011111101
00000101110100000111111010111
00000101110100000111111011011
00000101110100000111111011101
00000101110100000111111100111
00000101110100000111111101011
00000101110100000111111101101
00000101110100000111111110011
00000101110100000111111110101
00000101110100000111111111001
00000101110100001000111111111
00000101110100001001011111111
00000101110100001001101111111
00000101110100001001110111111
00000101110100001001111110111
00000101110100001001111111011
00000101110100001001111111101
00000101110100001010011111111
00000101110100001100011111111
00000101110100010000111111111
00000101110100010001011111111
00000101110100010001101111111
00000101110100010001110111111
00000101110100010001111110111
00000101110100010001111111011
00000101110100010001111111101
00000101110100010010011111111
00000101110100010100011111111
00000101110100011000011111111
00000101110100100000111111111
00000101110100100001011111111
00000101110100100001101111111
00000101110100100001110111111
00000101110100100001111110111
00000101110100100001111111011
00000101110100100001111111101
00000101110100100010011111111
00000101110100100100011111111
00000101110100101000011111111
00000101110100110000011111111
00000101110100111111100000111
00000101110101000001011111111
00000101110101000001101111111
00000101110101000001110111111
00000101110101000001111110111
00000101110101000001111111011
00000101110101000001111111101
00000101110101000010011111111
00000101110101000100011111111
00000101110101001000011111111
00000101110101010000011111111
00000101110101011111100000111
00000101110101111011100000111
00000101110101111101100000111
00000101110101111110000011011
00000101110101111110000011101
00000101110101111110000100111
00000101110101111110001000111
00000101110101111110010000111
00000101110101111110100000111
00000101110111101011100000111
00000101110111101101100000111
00000101110111101110000011011
00000101110111101110000011101
00000101110111101110000100111
00000101110111101110001000111
00000101110111101110010000111
00000101110111101110100000111
00000101110111110011100000111
00000101110111110101100000111
00000101110111110110000011011
00000101110111110110000011101
00000101110111110110000100111
00000101110111110110001000111
00000101110111110110010000111
00000101110111110110100000111
00000101110111111000001100111
00000101110111111000001101011
00000101110111111000001101101
00000101110111111000001110011
00000101110111111000001110101
00000101110111111000010010111
00000101110111111000010011011
00000101110111111000010011101
00000101110111111000010100111
00000101110111111000011000111
00000101110111111000100010111
00000101110111111000100011011
00000101110111111000100011101
00000101110111111000100100111
00000101110111111000101000111
00000101110111111000110000111
00000101110111111001000010111
00000101110111111001000011011
00000101110111111001000011101
00000101110111111001000100111
00000101110111111001001000111
00000101110111111001010000111
00000101110111111001100000111
00000101110111111010000011011
00000101110111111010000011101
00000101110111111010000100111
00000101110111111010001000111
00000101110111111010010000111
00000101110111111010100000111
00000101110111111100000111001
00000101110111111100001000111
00000101110111111100010000111
00000101110111111100100000111
00000101111011111100000111001
00000101111110101011100000111
00000101111110101101100000111
00000101111110101110000011011
00000101111110101110000011101
00000101111110101110000100111
00000101111110101110001000111
00000101111110101110010000111
00000101111110101110100000111
00000101111110110011100000111
00000101111110110101100000111
00000101111110110110000011011
00000101111110110110000011101
00000101111110110110000100111
00000101111110110110001000111
00000101111110110110010000111
00000101111110110110100000111
00000101111110111000001100111
00000101111110111000001101011
00000101111110111000001101101
00000101111110111000001110011
00000101111110111000001110101
00000101111110111000010010111
00000101111110111000010011011
00000101111110111000010011101
00000101111110111000010100111
00000101111110111000011000111
00000101111110111000100010111
00000101111110111000100011011
00000101111110111000100011101
00000101111110111000100100111
00000101111110111000101000111
00000101111110111000110000111
00000101111110111001000010111
00000101111110111001000011011
00000101111110111001000011101
00000101111110111001000100111
00000101111110111001001000111
00000101111110111001010000111
00000101111110111001100000111
00000101111110111010000011011
00000101111110111010000011101
00000101111110111010000100111
00000101111110111010001000111
00000101111110111010010000111
00000101111110111010100000111
00000101111110111100001000111
00000101111110111100010000111
00000101111110111100100000111
00000101111111001011100000111
00000101111111001101100000111
00000101111111001110000011011
00000101111111001110000011101
00000101111111001110000100111
00000101111111001110001000111
00000101111111001110010000111
00000101111111001110100000111
00000101111111010011100000111
00000101111111010101100000111
00000101111111010110000011011
00000101111111010110000011101
00000101111111010110000100111
00000101111111010110001000111
00000101111111010110010000111
00000101111111010110100000111
00000101111111011000001100111
00000101111111011000001101011
00000101111111011000001101101
00000101111111011000001110011
00000101111111011000001110101
00000101111111011000010010111
00000101111111011000010011011
00000101111111011000010011101
00000101111111011000010100111
00000101111111011000011000111
00000101111111011000100010111
00000101111111011000100011011
00000101111111011000100011101
00000101111111011000100100111
00000101111111011000101000111
00000101111111011000110000111
00000101111111011001000010111
00000101111111011001000011011
00000101111111011001000011101
00000101111111011001000100111
00000101111111011001001000111
00000101111111011001010000111
00000101111111011001100000111
00000101111111011010000011011
00000101111111011010000011101
00000101111111011010000100111
00000101111111011010001000111
00000101111111011010010000111
00000101111111011010100000111
00000101111111011100000111001
00000101111111011100001000111
00000101111111011100010000111
00000101111111011100100000111
00000101111111100000110010111
00000101111111100000110011011
00000101111111100000110011101
00000101111111100000110100111
00000101111111100000110101011
00000101111111100000110101101
00000101111111100000110110011
00000101111111100000110110101
00000101111111100000111000111
00000101111111100000111001011
00000101111111100000111001101
00000101111111100000111010011
00000101111111100000111010101
00000101111111100001001010111
00000101111111100001001011011
00000101111111100001001011101
00000101111111100001001100111
00000101111111100001001101011
00000101111111100001001101101
00000101111111100001001110011
00000101111111100001001110101
00000101111111100001010010111
00000101111111100001010011011
00000101111111100001010011101
00000101111111100001010100111
00000101111111100001011000111
00000101111111100001100010111
00000101111111100001100011011
00000101111111100001100011101
00000101111111100001100100111
00000101111111100001101000111
00000101111111100001110000111
00000101111111100010001010111
00000101111111100010001011011
00000101111111100010001011101
00000101111111100010001100111
00000101111111100010001101011
00000101111111100010001101101
00000101111111100010001110011
00000101111111100010001110101
00000101111111100010010010111
00000101111111100010010011011
00000101111111100010010011101
00000101111111100010010100111
00000101111111100010011000111
00000101111111100010100010111
00000101111111100010100011011
00000101111111100010100011101
00000101111111100010100100111
00000101111111100010101000111
00000101111111100010110000111
00000101111111100011000010111
00000101111111100011000011011
00000101111111100011000011101
00000101111111100011000100111
00000101111111100011001000111
00000101111111100011010000111
00000101111111100011100000111
00000101111111100100001010111
00000101111111100100001011011
00000101111111100100001011101
00000101111111100100001100111
00000101111111100100001101011
00000101111111100100001101101
00000101111111100100001110011
00000101111111100100001110101
00000101111111100100010010111
00000101111111100100010011011
00000101111111100100010011101
00000101111111100100010100111
00000101111111100100011000111
00000101111111100100100010111
00000101111111100100100011011
00000101111111100100100011101
00000101111111100100100100111
00000101111111100100101000111
00000101111111100100110000111
00000101111111100101000010111
00000101111111100101000011011
00000101111111100101000011101
00000101111111100101000100111
00000101111111100101001000111
00000101111111100101010000111
00000101111111100101100000111
00000101111111100110000011011
00000101111111100110000011101
00000101111111100110000100111
00000101111111100110001000111
00000101111111100110010000111
00000101111111100110100000111
00000101111111101000001100111
00000101111111101000001101011
00000101111111101000001101101
00000101111111101000001110011
00000101111111101000001110101
00000101111111101000010010111
00000101111111101000010011011
00000101111111101000010011101
00000101111111101000010100111
00000101111111101000011000111
00000101111111101000100010111
00000101111111101000100011011
00000101111111101000100011101
00000101111111101000100100111
00000101111111101000101000111
00000101111111101000110000111
00000101111111101001000010111
00000101111111101001000011011
00000101111111101001000011101
00000101111111101001000100111
00000101111111101001001000111
00000101111111101001010000111
00000101111111101001100000111
00000101111111101010000011011
00000101111111101010000011101
00000101111111101010000100111
00000101111111101010001000111
00000101111111101010010000111
00000101111111101010100000111
00000101111111101100000111001
00000101111111101100001000111
00000101111111101100010000111
00000101111111101100100000111
00000101111111110000011000111
00000101111111110000011011001
00000101111111110000011100011
00000101111111110000011100101
00000101111111110000011101001
00000101111111110000100010111
00000101111111110000100011011
00000101111111110000100011101
00000101111111110000100100111
00000101111111110000100111001
00000101111111110000101000111
00000101111111110000110000111
00000101111111110001000010111
00000101111111110001000011011
00000101111111110001000011101
00000101111111110001000100111
00000101111111110001000111001
00000101111111110001001000111
00000101111111110001010000111
00000101111111110001100000111
00000101111111110010000011011
00000101111111110010000011101
00000101111111110010000100111
00000101111111110010000111001
00000101111111110010001000111
00000101111111110010010000111
00000101111111110010100000111
00000101111111110100000111001
00000101111111110100001000111
00000101111111110100010000111
00000101111111110100100000111
00000101111111111000001110001
00000101111111111000010000111
00000101111111111000100000111
00000110000111000001111111111
00000110000111111111100000111
00000110001011100000111111111
00000110001011111111100000111
00000110001101100000111111111
00000110001101111111100000111
00000110001110000011011111111
00000110001110000011101111111
00000110001110000011111101111
00000110001110000011111110111
00000110001110000011111111011
00000110001110000011111111101
00000110001110000100111111111
00000110001110001000111111111
00000110001110010000111111111
00000110001110100000111111111
00000110001110111111100000111
00000110001111011111100000111
00000110001111110001111110001
00000110001111111011100000111
00000110001111111101100000111
00000110001111111110000011011
00000110001111111110000011101
00000110001111111110000100111
00000110001111111110001000111
00000110001111111110010000111
00000110001111111110100000111
00000110010011100000111111111
00000110010011111111100000111
00000110010101110000011111111
00000110010101111111100000111
00000110010110110000011111111
00000110010110111111100000111
00000110010111000001101111111
00000110010111000001110111111
00000110010111000001111110111
00000110010111000001111111011
00000110010111000001111111101
00000110010111000010011111111
00000110010111000100011111111
00000110010111001000011111111
00000110010111010000011111111
00000110010111011111100000111
00000110010111111011100000111
00000110010111111101100000111
00000110010111111110000011011
00000110010111111110000011101
00000110010111111110000100111
00000110010111111110001000111
00000110010111111110010000111
00000110010111111110100000111
00000110011001110000011111111
00000110011001111111100000111
00000110011010110000011111111
00000110011010111111100000111
00000110011011000001101111111
00000110011011000001110111111
00000110011011000001111110111
00000110011011000001111111011
00000110011011000001111111101
00000110011011000010011111111
00000110011011000100011111111
00000110011011001000011111111
00000110011011010000011111111
00000110011011011111100000111
00000110011011111011100000111
00000110011011111101100000111
00000110011011111110000011011
00000110011011111110000011101
00000110011011111110000100111
00000110011011111110001000111
00000110011011111110010000111
00000110011011111110100000111
00000110011100000110011111111
00000110011100000110101111111
00000110011100000110110111111
00000110011100000110111110111
00000110011100000110111111011
00000110011100000110111111101
00000110011100000111001111111
00000110011100000111010111111
00000110011100000111011110111
00000110011100000111011111011
00000110011100000111011111101
00000110011100000111111010111
00000110011100000111111011011
00000110011100000111111011101
00000110011100000111111100111
00000110011100000111111101011
00000110011100000111111101101
00000110011100000111111110011
00000110011100000111111110101
00000110011100000111111111001
00000110011100001000111111111
00000110011100001001011111111
00000110011100001001101111111
00000110011100001001110111111
00000110011100001001111110111
00000110011100001001111111011
00000110011100001001111111101
00000110011100001010011111111
00000110011100001100011111111
00000110011100010000111111111
00000110011100010001011111111
00000110011100010001101111111
00000110011100010001110111111
00000110011100010001111110111
00000110011100010001111111011
00000110011100010001111111101
00000110011100010010011111111
00000110011100010100011111111
00000110011100011000011111111
00000110011100100000111111111
00000110011100100001011111111
00000110011100100001101111111
00000110011100100001110111111
00000110011100100001111110111
00000110011100100001111111011
00000110011100100001111111101
00000110011100100010011111111
00000110011100100100011111111
00000110011100101000011111111
00000110011100110000011111111
00000110011100111111100000111
00000110011101000001101111111
00000110011101000001110111111
00000110011101000001111110111
00000110011101000001111111011
00000110011101000001111111101
00000110011101000010011111111
00000110011101000100011111111
00000110011101001000011111111
00000110011101010000011111111
00000110011101011111100000111
00000110011101111011100000111
00000110011101111101100000111
00000110011101111110000011011
00000110011101111110000011101
00000110011101111110000100111
00000110011101111110001000111
00000110011101111110010000111
00000110011101111110100000111
00000110011111101011100000111
00000110011111101101100000111
00000110011111101110000011011
00000110011111101110000011101
00000110011111101110000100111
00000110011111101110001000111
00000110011111101110010000111
00000110011111101110100000111
00000110011111110011100000111
00000110011111110101100000111
00000110011111110110000011011
00000110011111110110000011101
00000110011111110110000100111
00000110011111110110001000111
00000110011111110110010000111
00000110011111110110100000111
00000110011111111000001101011
00000110011111111000001101101
00000110011111111000001110011
00000110011111111000001110101
00000110011111111000010010111
00000110011111111000010011011
00000110011111111000010011101
00000110011111111000010100111
00000110011111111000011000111
00000110011111111000100010111
00000110011111111000100011011
00000110011111111000100011101
00000110011111111000100100111
00000110011111111000101000111
00000110011111111000110000111
00000110011111111001000010111
00000110011111111001000011011
00000110011111111001000011101
00000110011111111001000100111
00000110011111111001001000111
00000110011111111001010000111
00000110011111111001100000111
00000110011111111010000011011
00000110011111111010000011101
00000110011111111010000100111
00000110011111111010001000111
00000110011111111010010000111
00000110011111111010100000111
00000110011111111100000111001
00000110011111111100001000111
00000110011111111100010000111
00000110011111111100100000111
00000110100011100000111111111
00000110100011111111100000111
00000110100101110000011111111
00000110100101111111100000111
00000110100110110000011111111
00000110100110111111100000111
00000110100111000001101111111
00000110100111000001110111111
00000110100111000001111110111
00000110100111000001111111011
00000110100111000001111111101
00000110100111000010011111111
00000110100111000100011111111
00000110100111001000011111111
00000110100111010000011111111
00000110100111011111100000111
00000110100111111011100000111
00000110100111111101100000111
00000110100111111110000011011
00000110100111111110000011101
00000110100111111110000100111
00000110100111111110001000111
00000110100111111110010000111
00000110100111111110100000111
00000110101001110000011111111
00000110101001111111100000111
00000110101010110000011111111
00000110101010111111100000111
00000110101011000001101111111
00000110101011000001110111111
00000110101011000001111110111
00000110101011000001111111011
00000110101011000001111111101
00000110101011000010011111111
00000110101011000100011111111
00000110101011001000011111111
00000110101011010000011111111
00000110101011011111100000111
00000110101011111011100000111
00000110101011111101100000111
00000110101011111110000011011
00000110101011111110000011101
00000110101011111110000100111
00000110101011111110001000111
00000110101011111110010000111
00000110101011111110100000111
00000110101100000110101111111
00000110101100000110110111111
00000110101100000110111110111
00000110101100000110111111011
00000110101100000110111111101
00000110101100000111001111111
00000110101100000111010111111
00000110101100000111011110111
00000110101100000111011111011
00000110101100000111011111101
00000110101100000111111010111
00000110101100000111111011011
00000110101100000111111011101
00000110101100000111111100111
00000110101100000111111101011
00000110101100000111111101101
00000110101100000111111110011
00000110101100000111111110101
00000110101100000111111111001
00000110101100001000111111111
00000110101100001001011111111
00000110101100001001101111111
00000110101100001001110111111
00000110101100001001111110111
00000110101100001001111111011
00000110101100001001111111101
00000110101100001010011111111
00000110101100001100011111111
00000110101100010000111111111
00000110101100010001011111111
00000110101100010001101111111
00000110101100010001110111111
00000110101100010001111110111
00000110101100010001111111011
00000110101100010001111111101
00000110101100010010011111111
00000110101100010100011111111
00000110101100011000011111111
00000110101100100000111111111
00000110101100100001011111111
00000110101100100001101111111
00000110101100100001110111111
00000110101100100001111110111
00000110101100100001111111011
00000110101100100001111111101
00000110101100100010011111111
00000110101100100100011111111
00000110101100101000011111111
00000110101100110000011111111
00000110101100111111100000111
00000110101101000001101111111
00000110101101000001110111111
00000110101101000001111110111
00000110101101000001111111011
00000110101101000001111111101
00000110101101000010011111111
00000110101101000100011111111
00000110101101001000011111111
00000110101101010000011111111
00000110101101011111100000111
00000110101101111011100000111
00000110101101111101100000111
00000110101101111110000011011
00000110101101111110000011101
00000110101101111110000100111
00000110101101111110001000111
00000110101101111110010000111
00000110101101111110100000111
00000110101111101011100000111
00000110101111101101100000111
00000110101111101110000011011
00000110101111101110000011101
00000110101111101110000100111
00000110101111101110001000111
00000110101111101110010000111
00000110101111101110100000111
00000110101111110011100000111
00000110101111110101100000111
00000110101111110110000011011
00000110101111110110000011101
00000110101111110110000100111
00000110101111110110001000111
00000110101111110110010000111
00000110101111110110100000111
00000110101111111000001101101
00000110101111111000001110011
00000110101111111000001110101
00000110101111111000010010111
00000110101111111000010011011
00000110101111111000010011101
00000110101111111000010100111
00000110101111111000011000111
00000110101111111000100010111
00000110101111111000100011011
00000110101111111000100011101
00000110101111111000100100111
00000110101111111000101000111
00000110101111111000110000111
00000110101111111001000010111
00000110101111111001000011011
00000110101111111001000011101
00000110101111111001000100111
00000110101111111001001000111
00000110101111111001010000111
00000110101111111001100000111
00000110101111111010000011011
00000110101111111010000011101
00000110101111111010000100111
00000110101111111010001000111
00000110101111111010010000111
00000110101111111010100000111
00000110101111111100000111001
00000110101111111100001000111
00000110101111111100010000111
00000110101111111100100000111
00000110110000011011001111111
00000110110000011011010111111
00000110110000011011011110111
00000110110000011011011111011
00000110110000011011011111101
00000110110000011011111010111
00000110110000011011111011011
00000110110000011011111011101
00000110110000011011111100111
00000110110000011011111101011
00000110110000011011111101101
00000110110000011011111110011
00000110110000011011111110101
00000110110000011011111111001
00000110110000011100011111111
00000110110000011100101111111
00000110110000011100110111111
00000110110000011100111110111
00000110110000011100111111011
00000110110000011100111111101
00000110110000011101001111111
00000110110000011101010111111
00000110110000011101011110111
00000110110000011101011111011
00000110110000011101011111101
00000110110000011101111010111
00000110110000011101111011011
00000110110000011101111011101
00000110110000011101111100111
00000110110000011101111101011
00000110110000011101111101101
00000110110000011101111110011
00000110110000011101111110101
00000110110000011101111111001
00000110110000011111101010111
00000110110000011111101011011
00000110110000011111101011101
00000110110000011111101100111
00000110110000011111101101011
00000110110000011111101101101
00000110110000011111101110011
00000110110000011111101110101
00000110110000011111101111001
00000110110000011111110010111
00000110110000011111110011011
00000110110000011111110011101
00000110110000011111110100111
00000110110000011111110101011
00000110110000011111110101101
00000110110000011111110110011
00000110110000011111110110101
00000110110000011111110111001
00000110110000011111111000111
00000110110000011111111001011
00000110110000011111111001101
00000110110000011111111010011
00000110110000011111111010101
00000110110000011111111011001
00000110110000011111111100011
00000110110000011111111100101
00000110110000011111111101001
00000110110000011111111110001
00000110110000100001111111111
00000110110000100010111111111
00000110110000100011011111111
00000110110000100011101111111
00000110110000100011110111111
00000110110000100011111110111
00000110110000100011111111011
00000110110000100011111111101
00000110110000100100111111111
00000110110000100101011111111
00000110110000100101101111111
00000110110000100101110111111
00000110110000100101111110111
00000110110000100101111111011
00000110110000100101111111101
00000110110000100110011111111
00000110110000100110101111111
00000110110000100110110111111
00000110110000100110111110111
00000110110000100110111111011
00000110110000100110111111101
00000110110000100111001111111
00000110110000100111010111111
00000110110000100111011110111
00000110110000100111011111011
00000110110000100111011111101
00000110110000100111111010111
00000110110000100111111011011
00000110110000100111111011101
00000110110000100111111100111
00000110110000100111111101011
00000110110000100111111101101
00000110110000100111111110011
00000110110000100111111110101
00000110110000100111111111001
00000110110000101000111111111
00000110110000101001011111111
00000110110000101001101111111
00000110110000101001110111111
00000110110000101001111110111
00000110110000101001111111011
00000110110000101001111111101
00000110110000101010011111111
00000110110000101100011111111
00000110110000110000111111111
00000110110000110001011111111
00000110110000110001101111111
00000110110000110001110111111
00000110110000110001111110111
00000110110000110001111111011
00000110110000110001111111101
00000110110000110010011111111
00000110110000110100011111111
00000110110000111000011111111
00000110110000111111110000111
00000110110001000001111111111
00000110110001000010111111111
00000110110001000011011111111
00000110110001000011101111111
00000110110001000011110111111
00000110110001000011111110111
00000110110001000011111111011
00000110110001000011111111101
00000110110001000100111111111
00000110110001000101011111111
00000110110001000101101111111
00000110110001000101110111111
00000110110001000101111110111
00000110110001000101111111011
00000110110001000101111111101
00000110110001000110011111111
00000110110001000110101111111
00000110110001000110110111111
00000110110001000110111110111
00000110110001000110111111011
00000110110001000110111111101
00000110110001000111001111111
00000110110001000111010111111
00000110110001000111011110111
00000110110001000111011111011
00000110110001000111011111101
00000110110001000111111010111
00000110110001000111111011011
00000110110001000111111011101
00000110110001000111111100111
00000110110001000111111101011
00000110110001000111111101101
00000110110001000111111110011
00000110110001000111111110101
00000110110001000111111111001
00000110110001001000111111111
00000110110001001001011111111
00000110110001001001101111111
00000110110001001001110111111
00000110110001001001111110111
00000110110001001001111111011
00000110110001001001111111101
00000110110001001010011111111
00000110110001001100011111111
00000110110001010000111111111
00000110110001010001011111111
00000110110001010001101111111
00000110110001010001110111111
00000110110001010001111110111
00000110110001010001111111011
00000110110001010001111111101
00000110110001010010011111111
00000110110001010100011111111
00000110110001011000011111111
00000110110001100000111111111
00000110110001100001011111111
00000110110001100001101111111
00000110110001100001110111111
00000110110001100001111110111
00000110110001100001111111011
00000110110001100001111111101
00000110110001100010011111111
00000110110001100100011111111
00000110110001101000011111111
00000110110001110000011111111
00000110110001111111100000111
00000110110010000011011111111
00000110110010000011101111111
00000110110010000011110111111
00000110110010000011111110111
00000110110010000011111111011
00000110110010000011111111101
00000110110010000100111111111
00000110110010000101011111111
00000110110010000101101111111
00000110110010000101110111111
00000110110010000101111110111
00000110110010000101111111011
00000110110010000101111111101
00000110110010000110011111111
00000110110010000110101111111
00000110110010000110110111111
00000110110010000110111110111
00000110110010000110111111011
00000110110010000110111111101
00000110110010000111001111111
00000110110010000111010111111
00000110110010000111011110111
00000110110010000111011111011
00000110110010000111011111101
00000110110010000111111010111
00000110110010000111111011011
00000110110010000111111011101
00000110110010000111111100111
00000110110010000111111101011
00000110110010000111111101101
00000110110010000111111110011
00000110110010000111111110101
00000110110010000111111111001
00000110110010001000111111111
00000110110010001001011111111
00000110110010001001101111111
00000110110010001001110111111
00000110110010001001111110111
00000110110010001001111111011
00000110110010001001111111101
00000110110010001010011111111
00000110110010001100011111111
00000110110010010000111111111
00000110110010010001011111111
00000110110010010001101111111
00000110110010010001110111111
00000110110010010001111110111
00000110110010010001111111011
00000110110010010001111111101
00000110110010010010011111111
00000110110010010100011111111
00000110110010011000011111111
00000110110010100000111111111
00000110110010100001011111111
00000110110010100001101111111
00000110110010100001110111111
00000110110010100001111110111
00000110110010100001111111011
00000110110010100001111111101
00000110110010100010011111111
00000110110010100100011111111
00000110110010101000011111111
00000110110010110000011111111
00000110110010111111100000111
00000110110011000001101111111
00000110110011000001110111111
00000110110011000001111110111
00000110110011000001111111011
00000110110011000001111111101
00000110110011000010011111111
00000110110011000100011111111
00000110110011001000011111111
00000110110011010000011111111
00000110110011011111100000111
00000110110011111011100000111
00000110110011111101100000111
00000110110011111110000011101
00000110110011111110000100111
00000110110011111110001000111
00000110110011111110010000111
00000110110011111110100000111
00000110110100000110110111111
00000110110100000110111110111
00000110110100000110111111011
00000110110100000110111111101
00000110110100000111001111111
00000110110100000111010111111
00000110110100000111011110111
00000110110100000111011111011
00000110110100000111011111101
00000110110100000111111010111
00000110110100000111111011011
00000110110100000111111011101
00000110110100000111111100111
00000110110100000111111101011
00000110110100000111111101101
00000110110100000111111110011
00000110110100000111111110101
00000110110100000111111111001
00000110110100001000111111111
00000110110100001001011111111
00000110110100001001101111111
00000110110100001001110111111
00000110110100001001111110111
00000110110100001001111111011
00000110110100001001111111101
00000110110100001010011111111
00000110110100001100011111111
00000110110100010000111111111
00000110110100010001011111111
00000110110100010001101111111
00000110110100010001110111111
00000110110100010001111110111
00000110110100010001111111011
00000110110100010001111111101
00000110110100010010011111111
00000110110100010100011111111
00000110110100011000011111111
00000110110100100000111111111
00000110110100100001011111111
00000110110100100001101111111
00000110110100100001110111111
00000110110100100001111110111
00000110110100100001111111011
00000110110100100001111111101
00000110110100100010011111111
00000110110100100100011111111
00000110110100101000011111111
00000110110100110000011111111
00000110110100111111100000111
00000110110101000001101111111
00000110110101000001110111111
00000110110101000001111110111
00000110110101000001111111011
00000110110101000001111111101
00000110110101000010011111111
00000110110101000100011111111
00000110110101001000011111111
00000110110101010000011111111
00000110110101011111100000111
00000110110101111011100000111
00000110110101111101100000111
00000110110101111110000011101
00000110110101111110000100111
00000110110101111110001000111
00000110110101111110010000111
00000110110101111110100000111
00000110110111101011100000111
00000110110111101101100000111
00000110110111101110000011101
00000110110111101110000100111
00000110110111101110001000111
00000110110111101110010000111
00000110110111101110100000111
00000110110111110011100000111
00000110110111110101100000111
00000110110111110110000011101
00000110110111110110000100111
00000110110111110110001000111
00000110110111110110010000111
00000110110111110110100000111
00000110110111111000001110011
00000110110111111000001110101
00000110110111111000010010111
00000110110111111000010011011
00000110110111111000010011101
00000110110111111000010100111
00000110110111111000011000111
00000110110111111000100010111
00000110110111111000100011011
00000110110111111000100011101
00000110110111111000100100111
00000110110111111000101000111
00000110110111111000110000111
00000110110111111001000010111
00000110110111111001000011011
00000110110111111001000011101
00000110110111111001000100111
00000110110111111001001000111
00000110110111111001010000111
00000110110111111001100000111
00000110110111111010000011101
00000110110111111010000100111
00000110110111111010001000111
00000110110111111010010000111
00000110110111111010100000111
00000110110111111100000111001
00000110110111111100001000111
00000110110111111100010000111
00000110110111111100100000111
00000110111011111100000111001
00000110111110101011100000111
00000110111110101101100000111
00000110111110101110000011101
00000110111110101110000100111
00000110111110101110001000111
00000110111110101110010000111
00000110111110101110100000111
00000110111110110011100000111
00000110111110110101100000111
00000110111110110110000011101
00000110111110110110000100111
00000110111110110110001000111
00000110111110110110010000111
00000110111110110110100000111
00000110111110111000001110011
00000110111110111000001110101
00000110111110111000010010111
00000110111110111000010011011
00000110111110111000010011101
00000110111110111000010100111
00000110111110111000011000111
00000110111110111000100010111
00000110111110111000100011011
00000110111110111000100011101
00000110111110111000100100111
00000110111110111000101000111
00000110111110111000110000111
00000110111110111001000010111
00000110111110111001000011011
00000110111110111001000011101
00000110111110111001000100111
00000110111110111001001000111
00000110111110111001010000111
00000110111110111001100000111
00000110111110111010000011101
00000110111110111010000100111
00000110111110111010001000111
00000110111110111010010000111
00000110111110111010100000111
00000110111110111100001000111
00000110111110111100010000111
00000110111110111100100000111
00000110111111001011100000111
00000110111111001101100000111
00000110111111001110000011101
00000110111111001110000100111
00000110111111001110001000111
00000110111111001110010000111
00000110111111001110100000111
00000110111111010011100000111
00000110111111010101100000111
00000110111111010110000011101
00000110111111010110000100111
00000110111111010110001000111
00000110111111010110010000111
00000110111111010110100000111
00000110111111011000001110011
00000110111111011000001110101
00000110111111011000010010111
00000110111111011000010011011
00000110111111011000010011101
00000110111111011000010100111
00000110111111011000011000111
00000110111111011000100010111
00000110111111011000100011011
00000110111111011000100011101
00000110111111011000100100111
00000110111111011000101000111
00000110111111011000110000111
00000110111111011001000010111
00000110111111011001000011011
00000110111111011001000011101
00000110111111011001000100111
00000110111111011001001000111
00000110111111011001010000111
00000110111111011001100000111
00000110111111011010000011101
00000110111111011010000100111
00000110111111011010001000111
00000110111111011010010000111
00000110111111011010100000111
00000110111111011100000111001
00000110111111011100001000111
00000110111111011100010000111
00000110111111011100100000111
00000110111111100000111000111
00000110111111100000111001011
00000110111111100000111001101
00000110111111100000111010011
00000110111111100000111010101
00000110111111100001001010111
00000110111111100001001011011
00000110111111100001001011101
00000110111111100001001100111
00000110111111100001001101011
00000110111111100001001101101
00000110111111100001001110011
00000110111111100001001110101
00000110111111100001010010111
00000110111111100001010011011
00000110111111100001010011101
00000110111111100001010100111
00000110111111100001011000111
00000110111111100001100010111
00000110111111100001100011011
00000110111111100001100011101
00000110111111100001100100111
00000110111111100001101000111
00000110111111100001110000111
00000110111111100010001010111
00000110111111100010001011011
00000110111111100010001011101
00000110111111100010001100111
00000110111111100010001101011
00000110111111100010001101101
00000110111111100010001110011
00000110111111100010001110101
00000110111111100010010010111
00000110111111100010010011011
00000110111111100010010011101
00000110111111100010010100111
00000110111111100010011000111
00000110111111100010100010111
00000110111111100010100011011
00000110111111100010100011101
00000110111111100010100100111
00000110111111100010101000111
00000110111111100010110000111
00000110111111100011000010111
00000110111111100011000011011
00000110111111100011000011101
00000110111111100011000100111
00000110111111100011001000111
00000110111111100011010000111
00000110111111100011100000111
00000110111111100100001010111
00000110111111100100001011011
00000110111111100100001011101
00000110111111100100001100111
00000110111111100100001101011
00000110111111100100001101101
00000110111111100100001110011
00000110111111100100001110101
00000110111111100100010010111
00000110111111100100010011011
00000110111111100100010011101
00000110111111100100010100111
00000110111111100100011000111
00000110111111100100100010111
00000110111111100100100011011
00000110111111100100100011101
00000110111111100100100100111
00000110111111100100101000111
00000110111111100100110000111
00000110111111100101000010111
00000110111111100101000011011
00000110111111100101000011101
00000110111111100101000100111
00000110111111100101001000111
00000110111111100101010000111
00000110111111100101100000111
00000110111111100110000011101
00000110111111100110000100111
00000110111111100110001000111
00000110111111100110010000111
00000110111111100110100000111
00000110111111101000001110011
00000110111111101000001110101
00000110111111101000010010111
00000110111111101000010011011
00000110111111101000010011101
00000110111111101000010100111
00000110111111101000011000111
00000110111111101000100010111
00000110111111101000100011011
00000110111111101000100011101
00000110111111101000100100111
00000110111111101000101000111
00000110111111101000110000111
00000110111111101001000010111
00000110111111101001000011011
00000110111111101001000011101
00000110111111101001000100111
00000110111111101001001000111
00000110111111101001010000111
00000110111111101001100000111
00000110111111101010000011101
00000110111111101010000100111
00000110111111101010001000111
00000110111111101010010000111
00000110111111101010100000111
00000110111111101100000111001
00000110111111101100001000111
00000110111111101100010000111
00000110111111101100100000111
00000110111111110000011100011
00000110111111110000011100101
00000110111111110000011101001
00000110111111110000100010111
00000110111111110000100011011
00000110111111110000100011101
00000110111111110000100100111
00000110111111110000100111001
00000110111111110000101000111
00000110111111110000110000111
00000110111111110001000010111
00000110111111110001000011011
00000110111111110001000011101
00000110111111110001000100111
00000110111111110001000111001
00000110111111110001001000111
00000110111111110001010000111
00000110111111110001100000111
00000110111111110010000011101
00000110111111110010000100111
00000110111111110010000111001
00000110111111110010001000111
00000110111111110010010000111
00000110111111110010100000111
00000110111111110100000111001
00000110111111110100001000111
00000110111111110100010000111
00000110111111110100100000111
00000110111111111000001110001
00000110111111111000010000111
00000110111111111000100000111
00000111000001110000111111111
00000111000001110001011111111
00000111000001110001101111111
00000111000001110001110111111
00000111000001110001111110111
00000111000001110001111111011
00000111000001110001111111101
00000111000001110010011111111
00000111000001110010101111111
00000111000001110010110111111
00000111000001110010111110111
00000111000001110010111111011
00000111000001110010111111101
00000111000001110011001111111
00000111000001110011010111111
00000111000001110011011110111
00000111000001110011011111011
00000111000001110011011111101
00000111000001110011111010111
00000111000001110011111011011
00000111000001110011111011101
00000111000001110011111100111
00000111000001110011111101011
00000111000001110011111101101
00000111000001110011111110011
00000111000001110011111110101
00000111000001110011111111001
00000111000001110100011111111
00000111000001110100101111111
00000111000001110100110111111
00000111000001110100111110111
00000111000001110100111111011
00000111000001110100111111101
00000111000001110101001111111
00000111000001110101010111111
00000111000001110101011110111
00000111000001110101011111011
00000111000001110101011111101
00000111000001110101111010111
00000111000001110101111011011
00000111000001110101111011101
00000111000001110101111100111
00000111000001110101111101011
00000111000001110101111101101
00000111000001110101111110011
00000111000001110101111110101
00000111000001110101111111001
00000111000001110111101010111
00000111000001110111101011011
00000111000001110111101011101
00000111000001110111101100111
00000111000001110111101101011
00000111000001110111101101101
00000111000001110111101110011
00000111000001110111101110101
00000111000001110111101111001
00000111000001110111110010111
00000111000001110111110011011
00000111000001110111110011101
00000111000001110111110100111
00000111000001110111110101011
00000111000001110111110101101
00000111000001110111110110011
00000111000001110111110110101
00000111000001110111110111001
00000111000001110111111000111
00000111000001110111111001011
00000111000001110111111001101
00000111000001110111111010011
00000111000001110111111010101
00000111000001110111111011001
00000111000001110111111100011
00000111000001110111111100101
00000111000001110111111101001
00000111000001110111111110001
00000111000001111000011111111
00000111000001111110101010111
00000111000001111110101011011
00000111000001111110101011101
00000111000001111110101100111
00000111000001111110101101011
00000111000001111110101101101
00000111000001111110101110011
00000111000001111110101110101
00000111000001111110101111001
00000111000001111110110010111
00000111000001111110110011011
00000111000001111110110011101
00000111000001111110110100111
00000111000001111110110101011
00000111000001111110110101101
00000111000001111110110110011
00000111000001111110110110101
00000111000001111110110111001
00000111000001111110111000111
00000111000001111110111001011
00000111000001111110111001101
00000111000001111110111010011
00000111000001111110111010101
00000111000001111110111011001
00000111000001111110111100011
00000111000001111110111100101
00000111000001111110111101001
00000111000001111110111110001
00000111000001111111001010111
00000111000001111111001011011
00000111000001111111001011101
00000111000001111111001100111
00000111000001111111001101011
00000111000001111111001101101
00000111000001111111001110011
00000111000001111111001110101
00000111000001111111001111001
00000111000001111111010010111
00000111000001111111010011011
00000111000001111111010011101
00000111000001111111010100111
00000111000001111111010101011
00000111000001111111010101101
00000111000001111111010110011
00000111000001111111010110101
00000111000001111111010111001
00000111000001111111011000111
00000111000001111111011001011
00000111000001111111011001101
00000111000001111111011010011
00000111000001111111011010101
00000111000001111111011011001
00000111000001111111011100011
00000111000001111111011100101
00000111000001111111011101001
00000111000001111111011110001
00000111000001111111100001111
00000111000001111111100010111
00000111000001111111100011011
00000111000001111111100011101
00000111000001111111100100111
00000111000001111111100101011
00000111000001111111100101101
00000111000001111111100110011
00000111000001111111100110101
00000111000001111111100111001
00000111000001111111101000111
00000111000001111111101001011
00000111000001111111101001101
00000111000001111111101010011
00000111000001111111101010101
00000111000001111111101011001
00000111000001111111101100011
00000111000001111111101100101
00000111000001111111101101001
00000111000001111111101110001
00000111000001111111110000111
00000111000001111111110001011
00000111000001111111110001101
00000111000001111111110010011
00000111000001111111110010101
00000111000001111111110011001
00000111000001111111110100011
00000111000001111111110100101
00000111000001111111110101001
00000111000001111111110110001
00000111000001111111111000011
00000111000001111111111000101
00000111000001111111111001001
00000111000001111111111010001
00000111000001111111111100001
00000111000010000011111111111
00000111000010000101111111111
00000111000010000110111111111
00000111000010000111011111111
00000111000010000111101111111
00000111000010000111110111111
00000111000010000111111110111
00000111000010000111111111011
00000111000010000111111111101
00000111000010001001111111111
00000111000010001010111111111
00000111000010001011011111111
00000111000010001011101111111
00000111000010001011110111111
00000111000010001011111110111
00000111000010001011111111011
00000111000010001011111111101
00000111000010001100111111111
00000111000010001101011111111
00000111000010001101101111111
00000111000010001101110111111
00000111000010001101111110111
00000111000010001101111111011
00000111000010001101111111101
00000111000010001110011111111
00000111000010001110101111111
00000111000010001110110111111
00000111000010001110111110111
00000111000010001110111111011
00000111000010001110111111101
00000111000010001111001111111
00000111000010001111010111111
00000111000010001111011110111
00000111000010001111011111011
00000111000010001111011111101
00000111000010001111111010111
00000111000010001111111011011
00000111000010001111111011101
00000111000010001111111100111
00000111000010001111111101011
00000111000010001111111101101
00000111000010001111111110011
00000111000010001111111110101
00000111000010001111111111001
00000111000010010001111111111
00000111000010010010111111111
00000111000010010011011111111
00000111000010010011101111111
00000111000010010011110111111
00000111000010010011111110111
00000111000010010011111111011
00000111000010010011111111101
00000111000010010100111111111
00000111000010010101011111111
00000111000010010101101111111
00000111000010010101110111111
00000111000010010101111110111
00000111000010010101111111011
00000111000010010101111111101
00000111000010010110011111111
00000111000010010110101111111
00000111000010010110110111111
00000111000010010110111110111
00000111000010010110111111011
00000111000010010110111111101
00000111000010010111001111111
00000111000010010111010111111
00000111000010010111011110111
00000111000010010111011111011
00000111000010010111011111101
00000111000010010111111010111
00000111000010010111111011011
00000111000010010111111011101
00000111000010010111111100111
00000111000010010111111101011
00000111000010010111111101101
00000111000010010111111110011
00000111000010010111111110101
00000111000010010111111111001
00000111000010011000111111111
00000111000010011001011111111
00000111000010011001101111111
00000111000010011001110111111
00000111000010011001111110111
00000111000010011001111111011
00000111000010011001111111101
00000111000010011010011111111
00000111000010011010101111111
00000111000010011010110111111
00000111000010011010111110111
00000111000010011010111111011
00000111000010011010111111101
00000111000010011011001111111
00000111000010011011010111111
00000111000010011011011110111
00000111000010011011011111011
00000111000010011011011111101
00000111000010011011111010111
00000111000010011011111011011
00000111000010011011111011101
00000111000010011011111100111
00000111000010011011111101011
00000111000010011011111101101
00000111000010011011111110011
00000111000010011011111110101
00000111000010011011111111001
00000111000010011100011111111
00000111000010011100101111111
00000111000010011100110111111
00000111000010011100111110111
00000111000010011100111111011
00000111000010011100111111101
00000111000010011101001111111
00000111000010011101010111111
00000111000010011101011110111
00000111000010011101011111011
00000111000010011101011111101
00000111000010011101111010111
00000111000010011101111011011
00000111000010011101111011101
00000111000010011101111100111
00000111000010011101111101011
00000111000010011101111101101
00000111000010011101111110011
00000111000010011101111110101
00000111000010011101111111001
00000111000010011111101010111
00000111000010011111101011011
00000111000010011111101011101
00000111000010011111101100111
00000111000010011111101101011
00000111000010011111101101101
00000111000010011111101110011
00000111000010011111101110101
00000111000010011111101111001
00000111000010011111110010111
00000111000010011111110011011
00000111000010011111110011101
00000111000010011111110100111
00000111000010011111110101011
00000111000010011111110101101
00000111000010011111110110011
00000111000010011111110110101
00000111000010011111110111001
00000111000010011111111000111
00000111000010011111111001011
00000111000010011111111001101
00000111000010011111111010011
00000111000010011111111010101
00000111000010011111111011001
00000111000010011111111100011
00000111000010011111111100101
00000111000010011111111101001
00000111000010011111111110001
00000111000010100001111111111
00000111000010100010111111111
00000111000010100011011111111
00000111000010100011101111111
00000111000010100011110111111
00000111000010100011111110111
00000111000010100011111111011
00000111000010100011111111101
00000111000010100100111111111
00000111000010100101011111111
00000111000010100101101111111
00000111000010100101110111111
00000111000010100101111110111
00000111000010100101111111011
00000111000010100101111111101
00000111000010100110011111111
00000111000010100110101111111
00000111000010100110110111111
00000111000010100110111110111
00000111000010100110111111011
00000111000010100110111111101
00000111000010100111001111111
00000111000010100111010111111
00000111000010100111011110111
00000111000010100111011111011
00000111000010100111011111101
00000111000010100111111010111
00000111000010100111111011011
00000111000010100111111011101
00000111000010100111111100111
00000111000010100111111101011
00000111000010100111111101101
00000111000010100111111110011
00000111000010100111111110101
00000111000010100111111111001
00000111000010101000111111111
00000111000010101001011111111
00000111000010101001101111111
00000111000010101001110111111
00000111000010101001111110111
00000111000010101001111111011
00000111000010101001111111101
00000111000010101010011111111
00000111000010101100011111111
00000111000010110000111111111
00000111000010110001011111111
00000111000010110001101111111
00000111000010110001110111111
00000111000010110001111110111
00000111000010110001111111011
00000111000010110001111111101
00000111000010110010011111111
00000111000010110100011111111
00000111000010111000011111111
00000111000010111111110000111
00000111000011000001111111111
00000111000011000010111111111
00000111000011000011011111111
00000111000011000011101111111
00000111000011000011110111111
00000111000011000011111110111
00000111000011000011111111011
00000111000011000011111111101
00000111000011000100111111111
00000111000011000101011111111
00000111000011000101101111111
00000111000011000101110111111
00000111000011000101111110111
00000111000011000101111111011
00000111000011000101111111101
00000111000011000110011111111
00000111000011000110101111111
00000111000011000110110111111
00000111000011000110111110111
00000111000011000110111111011
00000111000011000110111111101
00000111000011000111001111111
00000111000011000111010111111
00000111000011000111011110111
00000111000011000111011111011
00000111000011000111011111101
00000111000011000111111010111
00000111000011000111111011011
00000111000011000111111011101
00000111000011000111111100111
00000111000011000111111101011
00000111000011000111111101101
00000111000011000111111110011
00000111000011000111111110101
00000111000011000111111111001
00000111000011001000111111111
00000111000011001001011111111
00000111000011001001101111111
00000111000011001001110111111
00000111000011001001111110111
00000111000011001001111111011
00000111000011001001111111101
00000111000011001010011111111
00000111000011001100011111111
00000111000011010000111111111
00000111000011010001011111111
00000111000011010001101111111
00000111000011010001110111111
00000111000011010001111110111
00000111000011010001111111011
00000111000011010001111111101
00000111000011010010011111111
00000111000011010100011111111
00000111000011011000011111111
00000111000011011111110000111
00000111000011100000111111111
00000111000011100001011111111
00000111000011100001101111111
00000111000011100001110111111
00000111000011100001111101111
00000111000011100001111110111
00000111000011100001111111011
00000111000011100001111111101
00000111000011100010011111111
00000111000011100100011111111
00000111000011101000011111111
00000111000011101111110000111
00000111000011110000011111111
00000111000011111101110000111
00000111000011111110110000111
00000111000011111111000001111
00000111000011111111000010111
00000111000011111111000011011
00000111000011111111000011101
00000111000011111111000100111
00000111000011111111001000111
00000111000011111111010000111
00000111000100000111011111111
00000111000100000111101111111
00000111000100000111110111111
00000111000100000111111110111
00000111000100000111111111011
00000111000100000111111111101
00000111000100001001111111111
00000111000100001010111111111
00000111000100001011011111111
00000111000100001011101111111
00000111000100001011110111111
00000111000100001011111110111
00000111000100001011111111011
00000111000100001011111111101
00000111000100001100111111111
00000111000100001101011111111
00000111000100001101101111111
00000111000100001101110111111
00000111000100001101111110111
00000111000100001101111111011
00000111000100001101111111101
00000111000100001110011111111
00000111000100001110101111111
00000111000100001110110111111
00000111000100001110111110111
00000111000100001110111111011
00000111000100001110111111101
00000111000100001111001111111
00000111000100001111010111111
00000111000100001111011110111
00000111000100001111011111011
00000111000100001111011111101
00000111000100001111111010111
00000111000100001111111011011
00000111000100001111111011101
00000111000100001111111100111
00000111000100001111111101011
00000111000100001111111101101
00000111000100001111111110011
00000111000100001111111110101
00000111000100001111111111001
00000111000100010001111111111
00000111000100010010111111111
00000111000100010011011111111
00000111000100010011101111111
00000111000100010011110111111
00000111000100010011111110111
00000111000100010011111111011
00000111000100010011111111101
00000111000100010100111111111
00000111000100010101011111111
00000111000100010101101111111
00000111000100010101110111111
00000111000100010101111110111
00000111000100010101111111011
00000111000100010101111111101
00000111000100010110011111111
00000111000100010110101111111
00000111000100010110110111111
00000111000100010110111110111
00000111000100010110111111011
00000111000100010110111111101
00000111000100010111001111111
00000111000100010111010111111
00000111000100010111011110111
00000111000100010111011111011
00000111000100010111011111101
00000111000100010111111010111
00000111000100010111111011011
00000111000100010111111011101
00000111000100010111111100111
00000111000100010111111101011
00000111000100010111111101101
00000111000100010111111110011
00000111000100010111111110101
00000111000100010111111111001
00000111000100011000111111111
00000111000100011001011111111
00000111000100011001101111111
00000111000100011001110111111
00000111000100011001111110111
00000111000100011001111111011
00000111000100011001111111101
00000111000100011010011111111
00000111000100011010101111111
00000111000100011010110111111
00000111000100011010111110111
00000111000100011010111111011
00000111000100011010111111101
00000111000100011011001111111
00000111000100011011010111111
00000111000100011011011110111
00000111000100011011011111011
00000111000100011011011111101
00000111000100011011111010111
00000111000100011011111011011
00000111000100011011111011101
00000111000100011011111100111
00000111000100011011111101011
00000111000100011011111101101
00000111000100011011111110011
00000111000100011011111110101
00000111000100011011111111001
00000111000100011100011111111
00000111000100011100101111111
00000111000100011100110111111
00000111000100011100111110111
00000111000100011100111111011
00000111000100011100111111101
00000111000100011101001111111
00000111000100011101010111111
00000111000100011101011110111
00000111000100011101011111011
00000111000100011101011111101
00000111000100011101111010111
00000111000100011101111011011
00000111000100011101111011101
00000111000100011101111100111
00000111000100011101111101011
00000111000100011101111101101
00000111000100011101111110011
00000111000100011101111110101
00000111000100011101111111001
00000111000100011111101010111
00000111000100011111101011011
00000111000100011111101011101
00000111000100011111101100111
00000111000100011111101101011
00000111000100011111101101101
00000111000100011111101110011
00000111000100011111101110101
00000111000100011111101111001
00000111000100011111110010111
00000111000100011111110011011
00000111000100011111110011101
00000111000100011111110100111
00000111000100011111110101011
00000111000100011111110101101
00000111000100011111110110011
00000111000100011111110110101
00000111000100011111110111001
00000111000100011111111000111
00000111000100011111111001011
00000111000100011111111001101
00000111000100011111111010011
00000111000100011111111010101
00000111000100011111111011001
00000111000100011111111100011
00000111000100011111111100101
00000111000100011111111101001
00000111000100011111111110001
00000111000100100001111111111
00000111000100100010111111111
00000111000100100011011111111
00000111000100100011101111111
00000111000100100011110111111
00000111000100100011111110111
00000111000100100011111111011
00000111000100100011111111101
00000111000100100100111111111
00000111000100100101011111111
00000111000100100101101111111
00000111000100100101110111111
00000111000100100101111110111
00000111000100100101111111011
00000111000100100101111111101
00000111000100100110011111111
00000111000100100110101111111
00000111000100100110110111111
00000111000100100110111110111
00000111000100100110111111011
00000111000100100110111111101
00000111000100100111001111111
00000111000100100111010111111
00000111000100100111011110111
00000111000100100111011111011
00000111000100100111011111101
00000111000100100111111010111
00000111000100100111111011011
00000111000100100111111011101
00000111000100100111111100111
00000111000100100111111101011
00000111000100100111111101101
00000111000100100111111110011
00000111000100100111111110101
00000111000100100111111111001
00000111000100101000111111111
00000111000100101001011111111
00000111000100101001101111111
00000111000100101001110111111
00000111000100101001111110111
00000111000100101001111111011
00000111000100101001111111101
00000111000100101010011111111
00000111000100101100011111111
00000111000100110000111111111
00000111000100110001011111111
00000111000100110001101111111
00000111000100110001110111111
00000111000100110001111110111
00000111000100110001111111011
00000111000100110001111111101
00000111000100110010011111111
00000111000100110100011111111
00000111000100111000011111111
00000111000100111111110000111
00000111000101000001111111111
00000111000101000010111111111
00000111000101000011011111111
00000111000101000011101111111
00000111000101000011110111111
00000111000101000011111110111
00000111000101000011111111011
00000111000101000011111111101
00000111000101000100111111111
00000111000101000101011111111
00000111000101000101101111111
00000111000101000101110111111
00000111000101000101111110111
00000111000101000101111111011
00000111000101000101111111101
00000111000101000110011111111
00000111000101000110101111111
00000111000101000110110111111
00000111000101000110111110111
00000111000101000110111111011
00000111000101000110111111101
00000111000101000111001111111
00000111000101000111010111111
00000111000101000111011110111
00000111000101000111011111011
00000111000101000111011111101
00000111000101000111111010111
00000111000101000111111011011
00000111000101000111111011101
00000111000101000111111100111
00000111000101000111111101011
00000111000101000111111101101
00000111000101000111111110011
00000111000101000111111110101
00000111000101000111111111001
00000111000101001000111111111
00000111000101001001011111111
00000111000101001001101111111
00000111000101001001110111111
00000111000101001001111110111
00000111000101001001111111011
00000111000101001001111111101
00000111000101001010011111111
00000111000101001100011111111
00000111000101010000111111111
00000111000101010001011111111
00000111000101010001101111111
00000111000101010001110111111
00000111000101010001111110111
00000111000101010001111111011
00000111000101010001111111101
00000111000101010010011111111
00000111000101010100011111111
00000111000101011000011111111
00000111000101100000111111111
00000111000101100001011111111
00000111000101100001101111111
00000111000101100001110111111
00000111000101100001111110111
00000111000101100001111111011
00000111000101100001111111101
00000111000101100010011111111
00000111000101100100011111111
00000111000101101000011111111
00000111000101110000011111111
00000111000110000011101111111
00000111000110000011110111111
00000111000110000011111110111
00000111000110000011111111011
00000111000110000011111111101
00000111000110000100111111111
00000111000110000101011111111
00000111000110000101101111111
00000111000110000101110111111
00000111000110000101111110111
00000111000110000101111111011
00000111000110000101111111101
00000111000110000110011111111
00000111000110000110101111111
00000111000110000110110111111
00000111000110000110111110111
00000111000110000110111111011
00000111000110000110111111101
00000111000110000111001111111
00000111000110000111010111111
00000111000110000111011110111
00000111000110000111011111011
00000111000110000111011111101
00000111000110000111111010111
00000111000110000111111011011
00000111000110000111111011101
00000111000110000111111100111
00000111000110000111111101011
00000111000110000111111101101
00000111000110000111111110011
00000111000110000111111110101
00000111000110000111111111001
00000111000110001000111111111
00000111000110001001011111111
00000111000110001001101111111
00000111000110001001110111111
00000111000110001001111110111
00000111000110001001111111011
00000111000110001001111111101
00000111000110001010011111111
00000111000110001100011111111
00000111000110010000111111111
00000111000110010001011111111
00000111000110010001101111111
00000111000110010001110111111
00000111000110010001111110111
00000111000110010001111111011
00000111000110010001111111101
00000111000110010010011111111
00000111000110010100011111111
00000111000110011000011111111
00000111000110100000111111111
00000111000110100001011111111
00000111000110100001101111111
00000111000110100001110111111
00000111000110100001111110111
00000111000110100001111111011
00000111000110100001111111101
00000111000110100010011111111
00000111000110100100011111111
00000111000110101000011111111
00000111000110110000011111111
00000111000111000001110111111
00000111000111000001111011111
00000111000111000001111101111
00000111000111000001111110111
00000111000111000001111111011
00000111000111000001111111101
00000111000111000010011111111
00000111000111000100011111111
00000111000111001000011111111
00000111000111010000011111111
00000111000111111110000011101
00000111000111111110000100111
00000111000111111110001000111
00000111000111111110010000111
00000111001000001110011111111
00000111001000001110101111111
00000111001000001110110111111
00000111001000001110111110111
00000111001000001110111111011
00000111001000001110111111101
00000111001000001111001111111
00000111001000001111010111111
00000111001000001111011110111
00000111001000001111011111011
00000111001000001111011111101
00000111001000001111111010111
00000111001000001111111011011
00000111001000001111111011101
00000111001000001111111100111
00000111001000001111111101011
00000111001000001111111101101
00000111001000001111111110011
00000111001000001111111110101
00000111001000001111111111001
00000111001000010001111111111
00000111001000010010111111111
00000111001000010011011111111
00000111001000010011101111111
00000111001000010011110111111
00000111001000010011111110111
00000111001000010011111111011
00000111001000010011111111101
00000111001000010100111111111
00000111001000010101011111111
00000111001000010101101111111
00000111001000010101110111111
00000111001000010101111110111
00000111001000010101111111011
00000111001000010101111111101
00000111001000010110011111111
00000111001000010110101111111
00000111001000010110110111111
00000111001000010110111110111
00000111001000010110111111011
00000111001000010110111111101
00000111001000010111001111111
00000111001000010111010111111
00000111001000010111011110111
00000111001000010111011111011
00000111001000010111011111101
00000111001000010111111010111
00000111001000010111111011011
00000111001000010111111011101
00000111001000010111111100111
00000111001000010111111101011
00000111001000010111111101101
00000111001000010111111110011
00000111001000010111111110101
00000111001000010111111111001
00000111001000011000111111111
00000111001000011001011111111
00000111001000011001101111111
00000111001000011001110111111
00000111001000011001111110111
00000111001000011001111111011
00000111001000011001111111101
00000111001000011010011111111
00000111001000011010101111111
00000111001000011010110111111
00000111001000011010111110111
00000111001000011010111111011
00000111001000011010111111101
00000111001000011011001111111
00000111001000011011010111111
00000111001000011011011110111
00000111001000011011011111011
00000111001000011011011111101
00000111001000011011111010111
00000111001000011011111011011
00000111001000011011111011101
00000111001000011011111100111
00000111001000011011111101011
00000111001000011011111101101
00000111001000011011111110011
00000111001000011011111110101
00000111001000011011111111001
00000111001000011100011111111
00000111001000011100101111111
00000111001000011100110111111
00000111001000011100111110111
00000111001000011100111111011
00000111001000011100111111101
00000111001000011101001111111
00000111001000011101010111111
00000111001000011101011110111
00000111001000011101011111011
00000111001000011101011111101
00000111001000011101111010111
00000111001000011101111011011
00000111001000011101111011101
00000111001000011101111100111
00000111001000011101111101011
00000111001000011101111101101
00000111001000011101111110011
00000111001000011101111110101
00000111001000011101111111001
00000111001000011111101010111
00000111001000011111101011011
00000111001000011111101011101
00000111001000011111101100111
00000111001000011111101101011
00000111001000011111101101101
00000111001000011111101110011
00000111001000011111101110101
00000111001000011111101111001
00000111001000011111110010111
00000111001000011111110011011
00000111001000011111110011101
00000111001000011111110100111
00000111001000011111110101011
00000111001000011111110101101
00000111001000011111110110011
00000111001000011111110110101
00000111001000011111110111001
00000111001000011111111000111
00000111001000011111111001011
00000111001000011111111001101
00000111001000011111111010011
00000111001000011111111010101
00000111001000011111111011001
00000111001000011111111100011
00000111001000011111111100101
00000111001000011111111101001
00000111001000011111111110001
00000111001000100001111111111
00000111001000100010111111111
00000111001000100011011111111
00000111001000100011101111111
00000111001000100011110111111
00000111001000100011111110111
00000111001000100011111111011
00000111001000100011111111101
00000111001000100100111111111
00000111001000100101011111111
00000111001000100101101111111
00000111001000100101110111111
00000111001000100101111110111
00000111001000100101111111011
00000111001000100101111111101
00000111001000100110011111111
00000111001000100110101111111
00000111001000100110110111111
00000111001000100110111110111
00000111001000100110111111011
00000111001000100110111111101
00000111001000100111001111111
00000111001000100111010111111
00000111001000100111011110111
00000111001000100111011111011
00000111001000100111011111101
00000111001000100111111010111
00000111001000100111111011011
00000111001000100111111011101
00000111001000100111111100111
00000111001000100111111101011
00000111001000100111111101101
00000111001000100111111110011
00000111001000100111111110101
00000111001000100111111111001
00000111001000101000111111111
00000111001000101001011111111
00000111001000101001101111111
00000111001000101001110111111
00000111001000101001111110111
00000111001000101001111111011
00000111001000101001111111101
00000111001000101010011111111
00000111001000101100011111111
00000111001000110000111111111
00000111001000110001011111111
00000111001000110001101111111
00000111001000110001110111111
00000111001000110001111110111
00000111001000110001111111011
00000111001000110001111111101
00000111001000110010011111111
00000111001000110100011111111
00000111001000111000011111111
00000111001000111111110000111
00000111001001000001111111111
00000111001001000010111111111
00000111001001000011011111111
00000111001001000011101111111
00000111001001000011110111111
00000111001001000011111110111
00000111001001000011111111011
00000111001001000011111111101
00000111001001000100111111111
00000111001001000101011111111
00000111001001000101101111111
00000111001001000101110111111
00000111001001000101111110111
00000111001001000101111111011
00000111001001000101111111101
00000111001001000110011111111
00000111001001000110101111111
00000111001001000110110111111
00000111001001000110111110111
00000111001001000110111111011
00000111001001000110111111101
00000111001001000111001111111
00000111001001000111010111111
00000111001001000111011110111
00000111001001000111011111011
00000111001001000111011111101
00000111001001000111111010111
00000111001001000111111011011
00000111001001000111111011101
00000111001001000111111100111
00000111001001000111111101011
00000111001001000111111101101
00000111001001000111111110011
00000111001001000111111110101
00000111001001000111111111001
00000111001001001000111111111
00000111001001001001011111111
00000111001001001001101111111
00000111001001001001110111111
00000111001001001001111110111
00000111001001001001111111011
00000111001001001001111111101
00000111001001001010011111111
00000111001001001100011111111
00000111001001010000111111111
00000111001001010001011111111
00000111001001010001101111111
00000111001001010001110111111
00000111001001010001111110111
00000111001001010001111111011
00000111001001010001111111101
00000111001001010010011111111
00000111001001010100011111111
00000111001001011000011111111
00000111001001100000111111111
00000111001001100001011111111
00000111001001100001101111111
00000111001001100001110111111
00000111001001100001111110111
00000111001001100001111111011
00000111001001100001111111101
00000111001001100010011111111
00000111001001100100011111111
00000111001001101000011111111
00000111001001110000011111111
00000111001010000011101111111
00000111001010000011110111111
00000111001010000011111110111
00000111001010000011111111011
00000111001010000011111111101
00000111001010000100111111111
00000111001010000101011111111
00000111001010000101101111111
00000111001010000101110111111
00000111001010000101111110111
00000111001010000101111111011
00000111001010000101111111101
00000111001010000110011111111
00000111001010000110101111111
00000111001010000110110111111
00000111001010000110111110111
00000111001010000110111111011
00000111001010000110111111101
00000111001010000111001111111
00000111001010000111010111111
00000111001010000111011110111
00000111001010000111011111011
00000111001010000111011111101
00000111001010000111111010111
00000111001010000111111011011
00000111001010000111111011101
00000111001010000111111100111
00000111001010000111111101011
00000111001010000111111101101
00000111001010000111111110011
00000111001010000111111110101
00000111001010000111111111001
00000111001010001000111111111
00000111001010001001011111111
00000111001010001001101111111
00000111001010001001110111111
00000111001010001001111110111
00000111001010001001111111011
00000111001010001001111111101
00000111001010001010011111111
00000111001010001100011111111
00000111001010010000111111111
00000111001010010001011111111
00000111001010010001101111111
00000111001010010001110111111
00000111001010010001111110111
00000111001010010001111111011
00000111001010010001111111101
00000111001010010010011111111
00000111001010010100011111111
00000111001010011000011111111
00000111001010100000111111111
00000111001010100001011111111
00000111001010100001101111111
00000111001010100001110111111
00000111001010100001111110111
00000111001010100001111111011
00000111001010100001111111101
00000111001010100010011111111
00000111001010100100011111111
00000111001010101000011111111
00000111001010110000011111111
00000111001011000001110111111
00000111001011000001111110111
00000111001011000001111111011
00000111001011000001111111101
00000111001011000010011111111
00000111001011000100011111111
00000111001011001000011111111
00000111001011010000011111111
00000111001011111110000011101
00000111001011111110000100111
00000111001011111110001000111
00000111001011111110010000111
00000111001100000111001111111
00000111001100000111010111111
00000111001100000111011110111
00000111001100000111011111011
00000111001100000111011111101
00000111001100000111111010111
00000111001100000111111011011
00000111001100000111111011101
00000111001100000111111100111
00000111001100000111111101011
00000111001100000111111101101
00000111001100000111111110011
00000111001100000111111110101
00000111001100000111111111001
00000111001100001000111111111
00000111001100001001011111111
00000111001100001001101111111
00000111001100001001110111111
00000111001100001001111110111
00000111001100001001111111011
00000111001100001001111111101
00000111001100001010011111111
00000111001100001100011111111
00000111001100010000111111111
00000111001100010001011111111
00000111001100010001101111111
00000111001100010001110111111
00000111001100010001111110111
00000111001100010001111111011
00000111001100010001111111101
00000111001100010010011111111
00000111001100010100011111111
00000111001100011000011111111
00000111001100100000111111111
00000111001100100001011111111
00000111001100100001101111111
00000111001100100001110111111
00000111001100100001111110111
00000111001100100001111111011
00000111001100100001111111101
00000111001100100010011111111
00000111001100100100011111111
00000111001100101000011111111
00000111001100110000011111111
00000111001101000001110111111
00000111001101000001111110111
00000111001101000001111111011
00000111001101000001111111101
00000111001101000010011111111
00000111001101000100011111111
00000111001101001000011111111
00000111001101010000011111111
00000111001101111110000011101
00000111001101111110000100111
00000111001101111110001000111
00000111001101111110010000111
00000111001111101110000011101
00000111001111101110000100111
00000111001111101110001000111
00000111001111101110010000111
00000111001111110110000011101
00000111001111110110000100111
00000111001111110110001000111
00000111001111110110010000111
00000111001111111000001110101
00000111001111111000010010111
00000111001111111000010011011
00000111001111111000010011101
00000111001111111000010100111
00000111001111111000011000111
00000111001111111000100010111
00000111001111111000100011011
00000111001111111000100011101
00000111001111111000100100111
00000111001111111000101000111
00000111001111111000110000111
00000111001111111001000010111
00000111001111111001000011011
00000111001111111001000011101
00000111001111111001000100111
00000111001111111001001000111
00000111001111111001010000111
00000111001111111010000011101
00000111001111111010000100111
00000111001111111010001000111
00000111001111111010010000111
00000111001111111100001000111
00000111001111111100010000111
00000111010000011101001111111
00000111010000011101010111111
00000111010000011101011110111
00000111010000011101011111011
00000111010000011101011111101
00000111010000011101111010111
00000111010000011101111011011
00000111010000011101111011101
00000111010000011101111100111
00000111010000011101111101011
00000111010000011101111101101
00000111010000011101111110011
00000111010000011101111110101
00000111010000011101111111001
00000111010000011111101010111
00000111010000011111101011011
00000111010000011111101011101
00000111010000011111101100111
00000111010000011111101101011
00000111010000011111101101101
00000111010000011111101110011
00000111010000011111101110101
00000111010000011111101111001
00000111010000011111110010111
00000111010000011111110011011
00000111010000011111110011101
00000111010000011111110100111
00000111010000011111110101011
00000111010000011111110101101
00000111010000011111110110011
00000111010000011111110110101
00000111010000011111110111001
00000111010000011111111000111
00000111010000011111111001011
00000111010000011111111001101
00000111010000011111111010011
00000111010000011111111010101
00000111010000011111111011001
00000111010000011111111100011
00000111010000011111111100101
00000111010000011111111101001
00000111010000011111111110001
00000111010000100001111111111
00000111010000100010111111111
00000111010000100011011111111
00000111010000100011101111111
00000111010000100011110111111
00000111010000100011111110111
00000111010000100011111111011
00000111010000100011111111101
00000111010000100100111111111
00000111010000100101011111111
00000111010000100101101111111
00000111010000100101110111111
00000111010000100101111110111
00000111010000100101111111011
00000111010000100101111111101
00000111010000100110011111111
00000111010000100110101111111
00000111010000100110110111111
00000111010000100110111110111
00000111010000100110111111011
00000111010000100110111111101
00000111010000100111001111111
00000111010000100111010111111
00000111010000100111011110111
00000111010000100111011111011
00000111010000100111011111101
00000111010000100111111010111
00000111010000100111111011011
00000111010000100111111011101
00000111010000100111111100111
00000111010000100111111101011
00000111010000100111111101101
00000111010000100111111110011
00000111010000100111111110101
00000111010000100111111111001
00000111010000101000111111111
00000111010000101001011111111
00000111010000101001101111111
00000111010000101001110111111
00000111010000101001111110111
00000111010000101001111111011
00000111010000101001111111101
00000111010000101010011111111
00000111010000101100011111111
00000111010000110000111111111
00000111010000110001011111111
00000111010000110001101111111
00000111010000110001110111111
00000111010000110001111110111
00000111010000110001111111011
00000111010000110001111111101
00000111010000110010011111111
00000111010000110100011111111
00000111010000111000011111111
00000111010000111111110000111
00000111010001000001111111111
00000111010001000010111111111
00000111010001000011011111111
00000111010001000011101111111
00000111010001000011110111111
00000111010001000011111110111
00000111010001000011111111011
00000111010001000011111111101
00000111010001000100111111111
00000111010001000101011111111
00000111010001000101101111111
00000111010001000101110111111
00000111010001000101111110111
00000111010001000101111111011
00000111010001000101111111101
00000111010001000110011111111
00000111010001000110101111111
00000111010001000110110111111
00000111010001000110111110111
00000111010001000110111111011
00000111010001000110111111101
00000111010001000111001111111
00000111010001000111010111111
00000111010001000111011110111
00000111010001000111011111011
00000111010001000111011111101
00000111010001000111111010111
00000111010001000111111011011
00000111010001000111111011101
00000111010001000111111100111
00000111010001000111111101011
00000111010001000111111101101
00000111010001000111111110011
00000111010001000111111110101
00000111010001000111111111001
00000111010001001000111111111
00000111010001001001011111111
00000111010001001001101111111
00000111010001001001110111111
00000111010001001001111110111
00000111010001001001111111011
00000111010001001001111111101
00000111010001001010011111111
00000111010001001100011111111
00000111010001010000111111111
00000111010001010001011111111
00000111010001010001101111111
00000111010001010001110111111
00000111010001010001111110111
00000111010001010001111111011
00000111010001010001111111101
00000111010001010010011111111
00000111010001010100011111111
00000111010001011000011111111
00000111010001100000111111111
00000111010001100001011111111
00000111010001100001101111111
00000111010001100001110111111
00000111010001100001111110111
00000111010001100001111111011
00000111010001100001111111101
00000111010001100010011111111
00000111010001100100011111111
00000111010001101000011111111
00000111010001110000011111111
00000111010010000011101111111
00000111010010000011110111111
00000111010010000011111110111
00000111010010000011111111011
00000111010010000011111111101
00000111010010000100111111111
00000111010010000101011111111
00000111010010000101101111111
00000111010010000101110111111
00000111010010000101111110111
00000111010010000101111111011
00000111010010000101111111101
00000111010010000110011111111
00000111010010000110101111111
00000111010010000110110111111
00000111010010000110111110111
00000111010010000110111111011
00000111010010000110111111101
00000111010010000111001111111
00000111010010000111010111111
00000111010010000111011110111
00000111010010000111011111011
00000111010010000111011111101
00000111010010000111111010111
00000111010010000111111011011
00000111010010000111111011101
00000111010010000111111100111
00000111010010000111111101011
00000111010010000111111101101
00000111010010000111111110011
00000111010010000111111110101
00000111010010000111111111001
00000111010010001000111111111
00000111010010001001011111111
00000111010010001001101111111
00000111010010001001110111111
00000111010010001001111110111
00000111010010001001111111011
00000111010010001001111111101
00000111010010001010011111111
00000111010010001100011111111
00000111010010010000111111111
00000111010010010001011111111
00000111010010010001101111111
00000111010010010001110111111
00000111010010010001111110111
00000111010010010001111111011
00000111010010010001111111101
00000111010010010010011111111
00000111010010010100011111111
00000111010010011000011111111
00000111010010100000111111111
00000111010010100001011111111
00000111010010100001101111111
00000111010010100001110111111
00000111010010100001111110111
00000111010010100001111111011
00000111010010100001111111101
00000111010010100010011111111
00000111010010100100011111111
00000111010010101000011111111
00000111010010110000011111111
00000111010011000001110111111
00000111010011000001111110111
00000111010011000001111111011
00000111010011000001111111101
00000111010011000010011111111
00000111010011000100011111111
00000111010011001000011111111
00000111010011010000011111111
00000111010011111110000100111
00000111010011111110001000111
00000111010011111110010000111
00000111010100000111010111111
00000111010100000111011110111
00000111010100000111011111011
00000111010100000111011111101
00000111010100000111111010111
00000111010100000111111011011
00000111010100000111111011101
00000111010100000111111100111
00000111010100000111111101011
00000111010100000111111101101
00000111010100000111111110011
00000111010100000111111110101
00000111010100000111111111001
00000111010100001000111111111
00000111010100001001011111111
00000111010100001001101111111
00000111010100001001110111111
00000111010100001001111110111
00000111010100001001111111011
00000111010100001001111111101
00000111010100001010011111111
00000111010100001100011111111
00000111010100010000111111111
00000111010100010001011111111
00000111010100010001101111111
00000111010100010001110111111
00000111010100010001111110111
00000111010100010001111111011
00000111010100010001111111101
00000111010100010010011111111
00000111010100010100011111111
00000111010100011000011111111
00000111010100100000111111111
00000111010100100001011111111
00000111010100100001101111111
00000111010100100001110111111
00000111010100100001111110111
00000111010100100001111111011
00000111010100100001111111101
00000111010100100010011111111
00000111010100100100011111111
00000111010100101000011111111
00000111010100110000011111111
00000111010101000001110111111
00000111010101000001111110111
00000111010101000001111111011
00000111010101000001111111101
00000111010101000010011111111
00000111010101000100011111111
00000111010101001000011111111
00000111010101010000011111111
00000111010101111110000100111
00000111010101111110001000111
00000111010101111110010000111
00000111010111101110000100111
00000111010111101110001000111
00000111010111101110010000111
00000111010111110110000100111
00000111010111110110001000111
00000111010111110110010000111
00000111010111111000010010111
00000111010111111000010011011
00000111010111111000010011101
00000111010111111000010100111
00000111010111111000011000111
00000111010111111000100010111
00000111010111111000100011011
00000111010111111000100011101
00000111010111111000100100111
00000111010111111000101000111
00000111010111111000110000111
00000111010111111001000010111
00000111010111111001000011011
00000111010111111001000011101
00000111010111111001000100111
00000111010111111001001000111
00000111010111111001010000111
00000111010111111010000100111
00000111010111111010001000111
00000111010111111010010000111
00000111010111111100001000111
00000111010111111100010000111
00000111011110101110000100111
00000111011110101110001000111
00000111011110101110010000111
00000111011110110110000100111
00000111011110110110001000111
00000111011110110110010000111
00000111011110111000010010111
00000111011110111000010011011
00000111011110111000010011101
00000111011110111000010100111
00000111011110111000011000111
00000111011110111000100010111
00000111011110111000100011011
00000111011110111000100011101
00000111011110111000100100111
00000111011110111000101000111
00000111011110111000110000111
00000111011110111001000010111
00000111011110111001000011011
00000111011110111001000011101
00000111011110111001000100111
00000111011110111001001000111
00000111011110111001010000111
00000111011110111010000100111
00000111011110111010001000111
00000111011110111010010000111
00000111011110111100001000111
00000111011110111100010000111
00000111011111001110000100111
00000111011111001110001000111
00000111011111001110010000111
00000111011111010110000100111
00000111011111010110001000111
00000111011111010110010000111
00000111011111011000010010111
00000111011111011000010011011
00000111011111011000010011101
00000111011111011000010100111
00000111011111011000011000111
00000111011111011000100010111
00000111011111011000100011011
00000111011111011000100011101
00000111011111011000100100111
00000111011111011000101000111
00000111011111011000110000111
00000111011111011001000010111
00000111011111011001000011011
00000111011111011001000011101
00000111011111011001000100111
00000111011111011001001000111
00000111011111011001010000111
00000111011111011010000100111
00000111011111011010001000111
00000111011111011010010000111
00000111011111011100001000111
00000111011111011100010000111
00000111011111100001001010111
00000111011111100001001011011
00000111011111100001001011101
00000111011111100001001100111
00000111011111100001001101011
00000111011111100001001101101
00000111011111100001001110011
00000111011111100001001110101
00000111011111100001010010111
00000111011111100001010011011
00000111011111100001010011101
00000111011111100001010100111
00000111011111100001011000111
00000111011111100001100010111
00000111011111100001100011011
00000111011111100001100011101
00000111011111100001100100111
00000111011111100001101000111
00000111011111100001110000111
00000111011111100010001010111
00000111011111100010001011011
00000111011111100010001011101
00000111011111100010001100111
00000111011111100010001101011
00000111011111100010001101101
00000111011111100010001110011
00000111011111100010001110101
00000111011111100010010010111
00000111011111100010010011011
00000111011111100010010011101
00000111011111100010010100111
00000111011111100010011000111
00000111011111100010100010111
00000111011111100010100011011
00000111011111100010100011101
00000111011111100010100100111
00000111011111100010101000111
00000111011111100010110000111
00000111011111100011000010111
00000111011111100011000011011
00000111011111100011000011101
00000111011111100011000100111
00000111011111100011001000111
00000111011111100011010000111
00000111011111100100001010111
00000111011111100100001011011
00000111011111100100001011101
00000111011111100100001100111
00000111011111100100001101011
00000111011111100100001101101
00000111011111100100001110011
00000111011111100100001110101
00000111011111100100010010111
00000111011111100100010011011
00000111011111100100010011101
00000111011111100100010100111
00000111011111100100011000111
00000111011111100100100010111
00000111011111100100100011011
00000111011111100100100011101
00000111011111100100100100111
00000111011111100100101000111
00000111011111100100110000111
00000111011111100101000010111
00000111011111100101000011011
00000111011111100101000011101
00000111011111100101000100111
00000111011111100101001000111
00000111011111100101010000111
00000111011111100110000100111
00000111011111100110001000111
00000111011111100110010000111
00000111011111101000010010111
00000111011111101000010011011
00000111011111101000010011101
00000111011111101000010100111
00000111011111101000011000111
00000111011111101000100010111
00000111011111101000100011011
00000111011111101000100011101
00000111011111101000100100111
00000111011111101000101000111
00000111011111101000110000111
00000111011111101001000010111
00000111011111101001000011011
00000111011111101001000011101
00000111011111101001000100111
00000111011111101001001000111
00000111011111101001010000111
00000111011111101010000100111
00000111011111101010001000111
00000111011111101010010000111
00000111011111101100001000111
00000111011111101100010000111
00000111011111110000100010111
00000111011111110000100011011
00000111011111110000100011101
00000111011111110000100100111
00000111011111110000100111001
00000111011111110000101000111
00000111011111110000110000111
00000111011111110001000010111
00000111011111110001000011011
00000111011111110001000011101
00000111011111110001000100111
00000111011111110001000111001
00000111011111110001001000111
00000111011111110001010000111
00000111011111110010000100111
00000111011111110010000111001
00000111011111110010001000111
00000111011111110010010000111
00000111011111110100001000111
00000111011111110100010000111
00000111011111111000010000111
00000111100000111111110000111
00000111100001000111111111001
00000111100001110000011111111
00000111100010000111111111001
00000111100100000111111111001
00000111101111100001110000111
00000111101111110000100111001
00000111101111110001000111001
00000111101111110010000111001
00000111110001111000111110001
00000111111010101110000100111
00000111111010101110001000111
00000111111010101110010000111
00000111111010110110000100111
00000111111010110110001000111
00000111111010110110010000111
00000111111010111000010010111
00000111111010111000010011011
00000111111010111000010011101
00000111111010111000010100111
00000111111010111000011000111
00000111111010111000100010111
00000111111010111000100011011
00000111111010111000100011101
00000111111010111000100100111
00000111111010111000101000111
00000111111010111000110000111
00000111111010111001000010111
00000111111010111001000011011
00000111111010111001000011101
00000111111010111001000100111
00000111111010111001001000111
00000111111010111001010000111
00000111111010111010000100111
00000111111010111010001000111
00000111111010111010010000111
00000111111010111100001000111
00000111111010111100010000111
00000111111011001110000100111
00000111111011001110001000111
00000111111011001110010000111
00000111111011010110000100111
00000111111011010110001000111
00000111111011010110010000111
00000111111011011000010010111
00000111111011011000010011011
00000111111011011000010011101
00000111111011011000010100111
00000111111011011000011000111
00000111111011011000100010111
00000111111011011000100011011
00000111111011011000100011101
00000111111011011000100100111
00000111111011011000101000111
00000111111011011000110000111
00000111111011011001000010111
00000111111011011001000011011
00000111111011011001000011101
00000111111011011001000100111
00000111111011011001001000111
00000111111011011001010000111
00000111111011011010000100111
00000111111011011010001000111
00000111111011011010010000111
00000111111011011100001000111
00000111111011011100010000111
00000111111011100001001010111
00000111111011100001001011011
00000111111011100001001011101
00000111111011100001001100111
00000111111011100001001101011
00000111111011100001001101101
00000111111011100001001110011
00000111111011100001001110101
00000111111011100001010010111
00000111111011100001010011011
00000111111011100001010011101
00000111111011100001010100111
00000111111011100001011000111
00000111111011100001100010111
00000111111011100001100011011
00000111111011100001100011101
00000111111011100001100100111
00000111111011100001101000111
00000111111011100001110000111
00000111111011100010001010111
00000111111011100010001011011
00000111111011100010001011101
00000111111011100010001100111
00000111111011100010001101011
00000111111011100010001101101
00000111111011100010001110011
00000111111011100010001110101
00000111111011100010010010111
00000111111011100010010011011
00000111111011100010010011101
00000111111011100010010100111
00000111111011100010011000111
00000111111011100010100010111
00000111111011100010100011011
00000111111011100010100011101
00000111111011100010100100111
00000111111011100010101000111
00000111111011100010110000111
00000111111011100011000010111
00000111111011100011000011011
00000111111011100011000011101
00000111111011100011000100111
00000111111011100011001000111
00000111111011100011010000111
00000111111011100100001010111
00000111111011100100001011011
00000111111011100100001011101
00000111111011100100001100111
00000111111011100100001101011
00000111111011100100001101101
00000111111011100100001110011
00000111111011100100001110101
00000111111011100100010010111
00000111111011100100010011011
00000111111011100100010011101
00000111111011100100010100111
00000111111011100100011000111
00000111111011100100100010111
00000111111011100100100011011
00000111111011100100100011101
00000111111011100100100100111
00000111111011100100101000111
00000111111011100100110000111
00000111111011100101000010111
00000111111011100101000011011
00000111111011100101000011101
00000111111011100101000100111
00000111111011100101001000111
00000111111011100101010000111
00000111111011100110000100111
00000111111011100110001000111
00000111111011100110010000111
00000111111011101000010010111
00000111111011101000010011011
00000111111011101000010011101
00000111111011101000010100111
00000111111011101000011000111
00000111111011101000100010111
00000111111011101000100011011
00000111111011101000100011101
00000111111011101000100100111
00000111111011101000101000111
00000111111011101000110000111
00000111111011101001000010111
00000111111011101001000011011
00000111111011101001000011101
00000111111011101001000100111
00000111111011101001001000111
00000111111011101001010000111
00000111111011101010000100111
00000111111011101010001000111
00000111111011101010010000111
00000111111011101100001000111
00000111111011101100010000111
00000111111011110000100010111
00000111111011110000100011011
00000111111011110000100011101
00000111111011110000100100111
00000111111011110000101000111
00000111111011110000110000111
00000111111011110001000010111
00000111111011110001000011011
00000111111011110001000011101
00000111111011110001000100111
00000111111011110001001000111
00000111111011110001010000111
00000111111011110010000100111
00000111111011110010001000111
00000111111011110010010000111
00000111111011110100001000111
00000111111011110100010000111
00000111111011111000010000111
00000111111100101110000100111
00000111111100101110001000111
00000111111100101110010000111
00000111111100110110000100111
00000111111100110110001000111
00000111111100110110010000111
00000111111100111000010010111
00000111111100111000010011011
00000111111100111000010011101
00000111111100111000010100111
00000111111100111000011000111
00000111111100111000100010111
00000111111100111000100011011
00000111111100111000100011101
00000111111100111000100100111
00000111111100111000101000111
00000111111100111000110000111
00000111111100111001000010111
00000111111100111001000011011
00000111111100111001000011101
00000111111100111001000100111
00000111111100111001001000111
00000111111100111001010000111
00000111111100111010000100111
00000111111100111010001000111
00000111111100111010010000111
00000111111100111100001000111
00000111111100111100010000111
00000111111101001110000100111
00000111111101001110001000111
00000111111101001110010000111
00000111111101010110000100111
00000111111101010110001000111
00000111111101010110010000111
00000111111101011000010010111
00000111111101011000010011011
00000111111101011000010011101
00000111111101011000010100111
00000111111101011000011000111
00000111111101011000100010111
00000111111101011000100011011
00000111111101011000100011101
00000111111101011000100100111
00000111111101011000101000111
00000111111101011000110000111
00000111111101011001000010111
00000111111101011001000011011
00000111111101011001000011101
00000111111101011001000100111
00000111111101011001001000111
00000111111101011001010000111
00000111111101011010000100111
00000111111101011010001000111
00000111111101011010010000111
00000111111101011100001000111
00000111111101011100010000111
00000111111101100001001010111
00000111111101100001001011011
00000111111101100001001011101
00000111111101100001001100111
00000111111101100001001101011
00000111111101100001001101101
00000111111101100001001110011
00000111111101100001001110101
00000111111101100001010010111
00000111111101100001010011011
00000111111101100001010011101
00000111111101100001010100111
00000111111101100001011000111
00000111111101100001100010111
00000111111101100001100011011
00000111111101100001100011101
00000111111101100001100100111
00000111111101100001101000111
00000111111101100001110000111
00000111111101100010001010111
00000111111101100010001011011
00000111111101100010001011101
00000111111101100010001100111
00000111111101100010001101011
00000111111101100010001101101
00000111111101100010001110011
00000111111101100010001110101
00000111111101100010010010111
00000111111101100010010011011
00000111111101100010010011101
00000111111101100010010100111
00000111111101100010011000111
00000111111101100010100010111
00000111111101100010100011011
00000111111101100010100011101
00000111111101100010100100111
00000111111101100010101000111
00000111111101100010110000111
00000111111101100011000010111
00000111111101100011000011011
00000111111101100011000011101
00000111111101100011000100111
00000111111101100011001000111
00000111111101100011010000111
00000111111101100100001010111
00000111111101100100001011011
00000111111101100100001011101
00000111111101100100001100111
00000111111101100100001101011
00000111111101100100001101101
00000111111101100100001110011
00000111111101100100001110101
00000111111101100100010010111
00000111111101100100010011011
00000111111101100100010011101
00000111111101100100010100111
00000111111101100100011000111
00000111111101100100100010111
00000111111101100100100011011
00000111111101100100100011101
00000111111101100100100100111
00000111111101100100101000111
00000111111101100100110000111
00000111111101100101000010111
00000111111101100101000011011
00000111111101100101000011101
00000111111101100101000100111
00000111111101100101001000111
00000111111101100101010000111
00000111111101100110000100111
00000111111101100110001000111
00000111111101100110010000111
00000111111101101000010010111
00000111111101101000010011011
00000111111101101000010011101
00000111111101101000010100111
00000111111101101000011000111
00000111111101101000100010111
00000111111101101000100011011
00000111111101101000100011101
00000111111101101000100100111
00000111111101101000101000111
00000111111101101000110000111
00000111111101101001000010111
00000111111101101001000011011
00000111111101101001000011101
00000111111101101001000100111
00000111111101101001001000111
00000111111101101001010000111
00000111111101101010000100111
00000111111101101010001000111
00000111111101101010010000111
00000111111101101100001000111
00000111111101101100010000111
00000111111101110000100010111
00000111111101110000100011011
00000111111101110000100011101
00000111111101110000100100111
00000111111101110000100111001
00000111111101110000101000111
00000111111101110000110000111
00000111111101110001000010111
00000111111101110001000011011
00000111111101110001000011101
00000111111101110001000100111
00000111111101110001000111001
00000111111101110001001000111
00000111111101110001010000111
00000111111101110010000100111
00000111111101110010000111001
00000111111101110010001000111
00000111111101110010010000111
00000111111101110100001000111
00000111111101110100010000111
00000111111101111000010000111
00000111111110000100101010111
00000111111110000100101011011
00000111111110000100101011101
00000111111110000100101100111
00000111111110000100101101011
00000111111110000100101101101
00000111111110000100101110011
00000111111110000100101110101
00000111111110000100110010111
00000111111110000100110011011
00000111111110000100110011101
00000111111110000100110100111
00000111111110000100110101011
00000111111110000100110101101
00000111111110000100110110011
00000111111110000100110110101
00000111111110000100111000111
00000111111110000100111001011
00000111111110000100111001101
00000111111110000100111010011
00000111111110000100111010101
00000111111110000101001010111
00000111111110000101001011011
00000111111110000101001011101
00000111111110000101001100111
00000111111110000101001101011
00000111111110000101001101101
00000111111110000101001110011
00000111111110000101001110101
00000111111110000101010010111
00000111111110000101010011011
00000111111110000101010011101
00000111111110000101010100111
00000111111110000101011000111
00000111111110000101100010111
00000111111110000101100011011
00000111111110000101100011101
00000111111110000101100100111
00000111111110000101101000111
00000111111110000101110000111
00000111111110000110001010111
00000111111110000110001011011
00000111111110000110001011101
00000111111110000110001100111
00000111111110000110001101011
00000111111110000110001101101
00000111111110000110001110011
00000111111110000110001110101
00000111111110000110010010111
00000111111110000110010011011
00000111111110000110010011101
00000111111110000110010100111
00000111111110000110011000111
00000111111110000110100010111
00000111111110000110100011011
00000111111110000110100011101
00000111111110000110100100111
00000111111110000110101000111
00000111111110000110110000111
00000111111110000111000010111
00000111111110000111000011011
00000111111110000111000011101
00000111111110000111000100111
00000111111110000111001000111
00000111111110000111010000111
00000111111110001000101010111
00000111111110001000101011011
00000111111110001000101011101
00000111111110001000101100111
00000111111110001000101101011
00000111111110001000101101101
00000111111110001000101110011
00000111111110001000101110101
00000111111110001000110010111
00000111111110001000110011011
00000111111110001000110011101
00000111111110001000110100111
00000111111110001000110101011
00000111111110001000110101101
00000111111110001000110110011
00000111111110001000110110101
00000111111110001000111000111
00000111111110001000111001011
00000111111110001000111001101
00000111111110001000111010011
00000111111110001000111010101
00000111111110001001001010111
00000111111110001001001011011
00000111111110001001001011101
00000111111110001001001100111
00000111111110001001001101011
00000111111110001001001101101
00000111111110001001001110011
00000111111110001001001110101
00000111111110001001010010111
00000111111110001001010011011
00000111111110001001010011101
00000111111110001001010100111
00000111111110001001011000111
00000111111110001001100010111
00000111111110001001100011011
00000111111110001001100011101
00000111111110001001100100111
00000111111110001001101000111
00000111111110001001110000111
00000111111110001010001010111
00000111111110001010001011011
00000111111110001010001011101
00000111111110001010001100111
00000111111110001010001101011
00000111111110001010001101101
00000111111110001010001110011
00000111111110001010001110101
00000111111110001010010010111
00000111111110001010010011011
00000111111110001010010011101
00000111111110001010010100111
00000111111110001010011000111
00000111111110001010100010111
00000111111110001010100011011
00000111111110001010100011101
00000111111110001010100100111
00000111111110001010101000111
00000111111110001010110000111
00000111111110001011000010111
00000111111110001011000011011
00000111111110001011000011101
00000111111110001011000100111
00000111111110001011001000111
00000111111110001011010000111
00000111111110001100001010111
00000111111110001100001011011
00000111111110001100001011101
00000111111110001100001100111
00000111111110001100001101011
00000111111110001100001101101
00000111111110001100001110011
00000111111110001100001110101
00000111111110001100010010111
00000111111110001100010011011
00000111111110001100010011101
00000111111110001100010100111
00000111111110001100011000111
00000111111110001100100010111
00000111111110001100100011011
00000111111110001100100011101
00000111111110001100100100111
00000111111110001100101000111
00000111111110001100110000111
00000111111110001101000010111
00000111111110001101000011011
00000111111110001101000011101
00000111111110001101000100111
00000111111110001101001000111
00000111111110001101010000111
00000111111110001110000100111
00000111111110001110001000111
00000111111110001110010000111
00000111111110010000101010111
00000111111110010000101011011
00000111111110010000101011101
00000111111110010000101100111
00000111111110010000101101011
00000111111110010000101101101
00000111111110010000101110011
00000111111110010000101110101
00000111111110010000110010111
00000111111110010000110011011
00000111111110010000110011101
00000111111110010000110100111
00000111111110010000110101011
00000111111110010000110101101
00000111111110010000110110011
00000111111110010000110110101
00000111111110010000111000111
00000111111110010000111001011
00000111111110010000111001101
00000111111110010000111010011
00000111111110010000111010101
00000111111110010001001010111
00000111111110010001001011011
00000111111110010001001011101
00000111111110010001001100111
00000111111110010001001101011
00000111111110010001001101101
00000111111110010001001110011
00000111111110010001001110101
00000111111110010001010010111
00000111111110010001010011011
00000111111110010001010011101
00000111111110010001010100111
00000111111110010001011000111
00000111111110010001100010111
00000111111110010001100011011
00000111111110010001100011101
00000111111110010001100100111
00000111111110010001101000111
00000111111110010001110000111
00000111111110010010001010111
00000111111110010010001011011
00000111111110010010001011101
00000111111110010010001100111
00000111111110010010001101011
00000111111110010010001101101
00000111111110010010001110011
00000111111110010010001110101
00000111111110010010010010111
00000111111110010010010011011
00000111111110010010010011101
00000111111110010010010100111
00000111111110010010011000111
00000111111110010010100010111
00000111111110010010100011011
00000111111110010010100011101
00000111111110010010100100111
00000111111110010010101000111
00000111111110010010110000111
00000111111110010011000010111
00000111111110010011000011011
00000111111110010011000011101
00000111111110010011000100111
00000111111110010011001000111
00000111111110010011010000111
00000111111110010100001010111
00000111111110010100001011011
00000111111110010100001011101
00000111111110010100001100111
00000111111110010100001101011
00000111111110010100001101101
00000111111110010100001110011
00000111111110010100001110101
00000111111110010100010010111
00000111111110010100010011011
00000111111110010100010011101
00000111111110010100010100111
00000111111110010100011000111
00000111111110010100100010111
00000111111110010100100011011
00000111111110010100100011101
00000111111110010100100100111
00000111111110010100101000111
00000111111110010100110000111
00000111111110010101000010111
00000111111110010101000011011
00000111111110010101000011101
00000111111110010101000100111
00000111111110010101001000111
00000111111110010101010000111
00000111111110010110000100111
00000111111110010110001000111
00000111111110010110010000111
00000111111110011000010010111
00000111111110011000010011011
00000111111110011000010011101
00000111111110011000010100111
00000111111110011000011000111
00000111111110011000100010111
00000111111110011000100011011
00000111111110011000100011101
00000111111110011000100100111
00000111111110011000101000111
00000111111110011000110000111
00000111111110011001000010111
00000111111110011001000011011
00000111111110011001000011101
00000111111110011001000100111
00000111111110011001001000111
00000111111110011001010000111
00000111111110011010000100111
00000111111110011010001000111
00000111111110011010010000111
00000111111110011100001000111
00000111111110011100010000111
00000111111110100001001010111
00000111111110100001001011011
00000111111110100001001011101
00000111111110100001001100111
00000111111110100001001101011
00000111111110100001001101101
00000111111110100001001110011
00000111111110100001001110101
00000111111110100001010010111
00000111111110100001010011011
00000111111110100001010011101
00000111111110100001010100111
00000111111110100001011000111
00000111111110100001100010111
00000111111110100001100011011
00000111111110100001100011101
00000111111110100001100100111
00000111111110100001101000111
00000111111110100001110000111
00000111111110100010001010111
00000111111110100010001011011
00000111111110100010001011101
00000111111110100010001100111
00000111111110100010001101011
00000111111110100010001101101
00000111111110100010001110011
00000111111110100010001110101
00000111111110100010010010111
00000111111110100010010011011
00000111111110100010010011101
00000111111110100010010100111
00000111111110100010011000111
00000111111110100010100010111
00000111111110100010100011011
00000111111110100010100011101
00000111111110100010100100111
00000111111110100010101000111
00000111111110100010110000111
00000111111110100011000010111
00000111111110100011000011011
00000111111110100011000011101
00000111111110100011000100111
00000111111110100011001000111
00000111111110100011010000111
00000111111110100100001010111
00000111111110100100001011011
00000111111110100100001011101
00000111111110100100001100111
00000111111110100100001101011
00000111111110100100001101101
00000111111110100100001110011
00000111111110100100001110101
00000111111110100100010010111
00000111111110100100010011011
00000111111110100100010011101
00000111111110100100010100111
00000111111110100100011000111
00000111111110100100100010111
00000111111110100100100011011
00000111111110100100100011101
00000111111110100100100100111
00000111111110100100101000111
00000111111110100100110000111
00000111111110100101000010111
00000111111110100101000011011
00000111111110100101000011101
00000111111110100101000100111
00000111111110100101001000111
00000111111110100101010000111
00000111111110100110000100111
00000111111110100110001000111
00000111111110100110010000111
00000111111110101000010010111
00000111111110101000010011011
00000111111110101000010011101
00000111111110101000010100111
00000111111110101000011000111
00000111111110101000100010111
00000111111110101000100011011
00000111111110101000100011101
00000111111110101000100100111
00000111111110101000101000111
00000111111110101000110000111
00000111111110101001000010111
00000111111110101001000011011
00000111111110101001000011101
00000111111110101001000100111
00000111111110101001001000111
00000111111110101001010000111
00000111111110101010000100111
00000111111110101010001000111
00000111111110101010010000111
00000111111110101100001000111
00000111111110101100010000111
00000111111110110000100010111
00000111111110110000100011011
00000111111110110000100011101
00000111111110110000100100111
00000111111110110000100111001
00000111111110110000101000111
00000111111110110000110000111
00000111111110110001000010111
00000111111110110001000011011
00000111111110110001000011101
00000111111110110001000100111
00000111111110110001000111001
00000111111110110001001000111
00000111111110110001010000111
00000111111110110010000100111
00000111111110110010000111001
00000111111110110010001000111
00000111111110110010010000111
00000111111110110100001000111
00000111111110110100010000111
00000111111110111000010000111
00000111111111000010001010111
00000111111111000010001011011
00000111111111000010001011101
00000111111111000010001100111
00000111111111000010001101011
00000111111111000010001101101
00000111111111000010001110011
00000111111111000010001110101
00000111111111000010001111001
00000111111111000010010010111
00000111111111000010010011011
00000111111111000010010011101
00000111111111000010010100111
00000111111111000010010111001
00000111111111000010011000111
00000111111111000010011011001
00000111111111000010011100011
00000111111111000010011100101
00000111111111000010011101001
00000111111111000010100010111
00000111111111000010100011011
00000111111111000010100011101
00000111111111000010100100111
00000111111111000010100111001
00000111111111000010101000111
00000111111111000010110000111
00000111111111000011000010111
00000111111111000011000011011
00000111111111000011000011101
00000111111111000011000100111
00000111111111000011000111001
00000111111111000011001000111
00000111111111000011010000111
00000111111111000100001010111
00000111111111000100001011011
00000111111111000100001011101
00000111111111000100001100111
00000111111111000100001101011
00000111111111000100001101101
00000111111111000100001110011
00000111111111000100001110101
00000111111111000100001111001
00000111111111000100010010111
00000111111111000100010011011
00000111111111000100010011101
00000111111111000100010100111
00000111111111000100010111001
00000111111111000100011000111
00000111111111000100011011001
00000111111111000100011100011
00000111111111000100011100101
00000111111111000100011101001
00000111111111000100100010111
00000111111111000100100011011
00000111111111000100100011101
00000111111111000100100100111
00000111111111000100100111001
00000111111111000100101000111
00000111111111000100110000111
00000111111111000101000010111
00000111111111000101000011011
00000111111111000101000011101
00000111111111000101000100111
00000111111111000101000111001
00000111111111000101001000111
00000111111111000101010000111
00000111111111000110000100111
00000111111111000110000111001
00000111111111000110001000111
00000111111111000110010000111
00000111111111001000010010111
00000111111111001000010011011
00000111111111001000010011101
00000111111111001000010100111
00000111111111001000010111001
00000111111111001000011000111
00000111111111001000011011001
00000111111111001000011100011
00000111111111001000011100101
00000111111111001000011101001
00000111111111001000100010111
00000111111111001000100011011
00000111111111001000100011101
00000111111111001000100100111
00000111111111001000100111001
00000111111111001000101000111
00000111111111001000110000111
00000111111111001001000010111
00000111111111001001000011011
00000111111111001001000011101
00000111111111001001000100111
00000111111111001001000111001
00000111111111001001001000111
00000111111111001001010000111
00000111111111001010000100111
00000111111111001010000111001
00000111111111001010001000111
00000111111111001010010000111
00000111111111001100001000111
00000111111111001100010000111
00000111111111010000100010111
00000111111111010000100011011
00000111111111010000100011101
00000111111111010000100100111
00000111111111010000100111001
00000111111111010000101000111
00000111111111010000110000111
00000111111111010001000010111
00000111111111010001000011011
00000111111111010001000011101
00000111111111010001000100111
00000111111111010001000111001
00000111111111010001001000111
00000111111111010001010000111
00000111111111010010000100111
00000111111111010010000111001
00000111111111010010001000111
00000111111111010010010000111
00000111111111010100001000111
00000111111111010100010000111
00000111111111011000010000111
00000111111111100001000010111
00000111111111100001000011011
00000111111111100001000011101
00000111111111100001000100111
00000111111111100001000111001
00000111111111100001001000111
00000111111111100001001110001
00000111111111100001010000111
00000111111111100010000100111
00000111111111100010000111001
00000111111111100010001000111
00000111111111100010001110001
00000111111111100010010000111
00000111111111100100001000111
00000111111111100100001110001
00000111111111100100010000111
00000111111111101000010000111
00001000010001111110001111111
00001000011100001001111111111
00001000011100010001111111111
00001000011100100001111111111
00001000011111110001111110001
00001000011111111110000100111
00001000011111111110001000111
00001000011111111110010000111
00001000101110000100111111111
00001000101110001000111111111
00001000101110010000111111111
00001000101111110001111110001
00001000101111111110000100111
00001000101111111110001000111
00001000101111111110010000111
00001000110110000100111111111
00001000110110001000111111111
00001000110110010000111111111
00001000110111110001111110001
00001000110111111110000100111
00001000110111111110001000111
00001000110111111110010000111
00001000111000010001111111111
00001000111000010010111111111
00001000111000010011011111111
00001000111000010011101111111
00001000111000010011111101111
00001000111000010011111110111
00001000111000010011111111011
00001000111000010011111111101
00001000111000010100111111111
00001000111000011000111111111
00001000111000100001111111111
00001000111000100010111111111
00001000111000100011011111111
00001000111000100011101111111
00001000111000100011111101111
00001000111000100011111110111
00001000111000100011111111011
00001000111000100011111111101
00001000111000100100111111111
00001000111000101000111111111
00001000111000110000111111111
00001000111001000010111111111
00001000111001000011011111111
00001000111001000011101111111
00001000111001000011111101111
00001000111001000011111110111
00001000111001000011111111011
00001000111001000011111111101
00001000111001000100111111111
00001000111001001000111111111
00001000111001010000111111111
00001000111010000100111111111
00001000111010001000111111111
00001000111010010000111111111
00001000111011110001111110001
00001000111011111110000100111
00001000111011111110001000111
00001000111011111110010000111
00001000111100001000111111111
00001000111100010000111111111
00001000111101110001111110001
00001000111101111110000100111
00001000111101111110001000111
00001000111101111110010000111
00001000111110110001111110001
00001000111111000101111110001
00001000111111000110111110001
00001000111111000111011110001
00001000111111000111101110001
00001000111111000111110110001
00001000111111000111111000101
00001000111111000111111001001
00001000111111000111111010001
00001000111111001001111110001
00001000111111010001111110001
00001000111111101110000100111
00001000111111101110001000111
00001000111111101110010000111
00001000111111110110000100111
00001000111111110110001000111
00001000111111110110010000111
00001000111111111000010010111
00001000111111111000010011011
00001000111111111000010011101
00001000111111111000010100111
00001000111111111000011000111
00001000111111111000100001111
00001000111111111000100010111
00001000111111111000100011011
00001000111111111000100011101
00001000111111111000100100111
00001000111111111000101000111
00001000111111111000110000111
00001000111111111001000010111
00001000111111111001000011011
00001000111111111001000011101
00001000111111111001000100111
00001000111111111001001000111
00001000111111111001010000111
00001000111111111010000100111
00001000111111111010001000111
00001000111111111010010000111
00001000111111111100010000111
00001001001110000100111111111
00001001001110001000111111111
00001001001110010000111111111
00001001001111110001111110001
00001001001111111110000100111
00001001001111111110001000111
00001001001111111110010000111
00001001010111000010011111111
00001001010111000100011111111
00001001010111001000011111111
00001001010111111110000100111
00001001010111111110001000111
00001001010111111110010000111
00001001011011000010011111111
00001001011011000100011111111
00001001011011001000011111111
00001001011011111110000100111
00001001011011111110001000111
00001001011011111110010000111
00001001011100001001011111111
00001001011100001001101111111
00001001011100001001110111111
00001001011100001001111110111
00001001011100001001111111011
00001001011100001001111111101
00001001011100001010011111111
00001001011100001100011111111
00001001011100010000111111111
00001001011100010001011111111
00001001011100010001101111111
00001001011100010001110111111
00001001011100010001111110111
00001001011100010001111111011
00001001011100010001111111101
00001001011100010010011111111
00001001011100010100011111111
00001001011100011000011111111
00001001011100100001011111111
00001001011100100001101111111
00001001011100100001110111111
00001001011100100001111110111
00001001011100100001111111011
00001001011100100001111111101
00001001011100100010011111111
00001001011100100100011111111
00001001011100101000011111111
00001001011101000010011111111
00001001011101000100011111111
00001001011101001000011111111
00001001011101111110000100111
00001001011101111110001000111
00001001011101111110010000111
00001001011111101110000100111
00001001011111101110001000111
00001001011111101110010000111
00001001011111110110000100111
00001001011111110110001000111
00001001011111110110010000111
00001001011111111000010011011
00001001011111111000010011101
00001001011111111000010100111
00001001011111111000011000111
00001001011111111000100010111
00001001011111111000100011011
00001001011111111000100011101
00001001011111111000100100111
00001001011111111000101000111
00001001011111111000110000111
00001001011111111001000010111
00001001011111111001000011011
00001001011111111001000011101
00001001011111111001000100111
00001001011111111001001000111
00001001011111111001010000111
00001001011111111010000100111
00001001011111111010001000111
00001001011111111010010000111
00001001011111111100010000111
00001001100111000010011111111
00001001100111000100011111111
00001001100111001000011111111
00001001100111111110000100111
00001001100111111110001000111
00001001100111111110010000111
00001001101011000010011111111
00001001101011000100011111111
00001001101011001000011111111
00001001101011111110000100111
00001001101011111110001000111
00001001101011111110010000111
00001001101100001001101111111
00001001101100001001110111111
00001001101100001001111110111
00001001101100001001111111011
00001001101100001001111111101
00001001101100001010011111111
00001001101100001100011111111
00001001101100010000111111111
00001001101100010001011111111
00001001101100010001101111111
00001001101100010001110111111
00001001101100010001111110111
00001001101100010001111111011
00001001101100010001111111101
00001001101100010010011111111
00001001101100010100011111111
00001001101100011000011111111
00001001101100100001011111111
00001001101100100001101111111
00001001101100100001110111111
00001001101100100001111110111
00001001101100100001111111011
00001001101100100001111111101
00001001101100100010011111111
00001001101100100100011111111
00001001101100101000011111111
00001001101101000010011111111
00001001101101000100011111111
00001001101101001000011111111
00001001101101111110000100111
00001001101101111110001000111
00001001101101111110010000111
00001001101111101110000100111
00001001101111101110001000111
00001001101111101110010000111
00001001101111110110000100111
00001001101111110110001000111
00001001101111110110010000111
00001001101111111000010011101
00001001101111111000010100111
00001001101111111000011000111
00001001101111111000100010111
00001001101111111000100011011
00001001101111111000100011101
00001001101111111000100100111
00001001101111111000101000111
00001001101111111000110000111
00001001101111111001000010111
00001001101111111001000011011
00001001101111111001000011101
00001001101111111001000100111
00001001101111111001001000111
00001001101111111001010000111
00001001101111111010000100111
00001001101111111010001000111
00001001101111111010010000111
00001001101111111100010000111
00001001110000100111001111111
00001001110000100111010111111
00001001110000100111011110111
00001001110000100111011111011
00001001110000100111011111101
00001001110000100111111010111
00001001110000100111111011011
00001001110000100111111011101
00001001110000100111111100111
00001001110000100111111101011
00001001110000100111111101101
00001001110000100111111110011
00001001110000100111111110101
00001001110000100111111111001
00001001110000101000111111111
00001001110000101001011111111
00001001110000101001101111111
00001001110000101001110111111
00001001110000101001111110111
00001001110000101001111111011
00001001110000101001111111101
00001001110000101010011111111
00001001110000101100011111111
00001001110000110000111111111
00001001110000110001011111111
00001001110000110001101111111
00001001110000110001110111111
00001001110000110001111110111
00001001110000110001111111011
00001001110000110001111111101
00001001110000110010011111111
00001001110000110100011111111
00001001110000111000011111111
00001001110000111111110000111
00001001110001000010111111111
00001001110001000011011111111
00001001110001000011101111111
00001001110001000011110111111
00001001110001000011111110111
00001001110001000011111111011
00001001110001000011111111101
00001001110001000100111111111
00001001110001000101011111111
00001001110001000101101111111
00001001110001000101110111111
00001001110001000101111110111
00001001110001000101111111011
00001001110001000101111111101
00001001110001000110011111111
00001001110001000110101111111
00001001110001000110110111111
00001001110001000110111110111
00001001110001000110111111011
00001001110001000110111111101
00001001110001000111001111111
00001001110001000111010111111
00001001110001000111011110111
00001001110001000111011111011
00001001110001000111011111101
00001001110001000111111010111
00001001110001000111111011011
00001001110001000111111011101
00001001110001000111111100111
00001001110001000111111101011
00001001110001000111111101101
00001001110001000111111110011
00001001110001000111111110101
00001001110001000111111111001
00001001110001001000111111111
00001001110001001001011111111
00001001110001001001101111111
00001001110001001001110111111
00001001110001001001111110111
00001001110001001001111111011
00001001110001001001111111101
00001001110001001010011111111
00001001110001001100011111111
00001001110001010000111111111
00001001110001010001011111111
00001001110001010001101111111
00001001110001010001110111111
00001001110001010001111110111
00001001110001010001111111011
00001001110001010001111111101
00001001110001010010011111111
00001001110001010100011111111
00001001110001011000011111111
00001001110001100001011111111
00001001110001100001101111111
00001001110001100001110111111
00001001110001100001111110111
00001001110001100001111111011
00001001110001100001111111101
00001001110001100010011111111
00001001110001100100011111111
00001001110001101000011111111
00001001110010000100111111111
00001001110010000101011111111
00001001110010000101101111111
00001001110010000101110111111
00001001110010000101111110111
00001001110010000101111111011
00001001110010000101111111101
00001001110010000110011111111
00001001110010000110101111111
00001001110010000110110111111
00001001110010000110111110111
00001001110010000110111111011
00001001110010000110111111101
00001001110010000111001111111
00001001110010000111010111111
00001001110010000111011110111
00001001110010000111011111011
00001001110010000111011111101
00001001110010000111111010111
00001001110010000111111011011
00001001110010000111111011101
00001001110010000111111100111
00001001110010000111111101011
00001001110010000111111101101
00001001110010000111111110011
00001001110010000111111110101
00001001110010000111111111001
00001001110010001000111111111
00001001110010001001011111111
00001001110010001001101111111
00001001110010001001110111111
00001001110010001001111110111
00001001110010001001111111011
00001001110010001001111111101
00001001110010001010011111111
00001001110010001100011111111
00001001110010010000111111111
00001001110010010001011111111
00001001110010010001101111111
00001001110010010001110111111
00001001110010010001111110111
00001001110010010001111111011
00001001110010010001111111101
00001001110010010010011111111
00001001110010010100011111111
00001001110010011000011111111
00001001110010100001011111111
00001001110010100001101111111
00001001110010100001110111111
00001001110010100001111110111
00001001110010100001111111011
00001001110010100001111111101
00001001110010100010011111111
00001001110010100100011111111
00001001110010101000011111111
00001001110011000010011111111
00001001110011000100011111111
00001001110011001000011111111
00001001110011111110001000111
00001001110011111110010000111
00001001110100001001110111111
00001001110100001001111110111
00001001110100001001111111011
00001001110100001001111111101
00001001110100001010011111111
00001001110100001100011111111
00001001110100010000111111111
00001001110100010001011111111
00001001110100010001101111111
00001001110100010001110111111
00001001110100010001111110111
00001001110100010001111111011
00001001110100010001111111101
00001001110100010010011111111
00001001110100010100011111111
00001001110100011000011111111
00001001110100100001011111111
00001001110100100001101111111
00001001110100100001110111111
00001001110100100001111110111
00001001110100100001111111011
00001001110100100001111111101
00001001110100100010011111111
00001001110100100100011111111
00001001110100101000011111111
00001001110101000010011111111
00001001110101000100011111111
00001001110101001000011111111
00001001110101111110001000111
00001001110101111110010000111
00001001110111101110001000111
00001001110111101110010000111
00001001110111110110001000111
00001001110111110110010000111
00001001110111111000010100111
00001001110111111000011000111
00001001110111111000100010111
00001001110111111000100011011
00001001110111111000100011101
00001001110111111000100100111
00001001110111111000101000111
00001001110111111000110000111
00001001110111111001000010111
00001001110111111001000011011
00001001110111111001000011101
00001001110111111001000100111
00001001110111111001001000111
00001001110111111001010000111
00001001110111111010001000111
00001001110111111010010000111
00001001110111111100010000111
00001001111110101110001000111
00001001111110101110010000111
00001001111110110110001000111
00001001111110110110010000111
00001001111110111000010100111
00001001111110111000011000111
00001001111110111000100010111
00001001111110111000100011011
00001001111110111000100011101
00001001111110111000100100111
00001001111110111000101000111
00001001111110111000110000111
00001001111110111001000010111
00001001111110111001000011011
00001001111110111001000011101
00001001111110111001000100111
00001001111110111001001000111
00001001111110111001010000111
00001001111110111010001000111
00001001111110111010010000111
00001001111110111100010000111
00001001111111001110001000111
00001001111111001110010000111
00001001111111010110001000111
00001001111111010110010000111
00001001111111011000010100111
00001001111111011000011000111
00001001111111011000100010111
00001001111111011000100011011
00001001111111011000100011101
00001001111111011000100100111
00001001111111011000101000111
00001001111111011000110000111
00001001111111011001000010111
00001001111111011001000011011
00001001111111011001000011101
00001001111111011001000100111
00001001111111011001001000111
00001001111111011001010000111
00001001111111011010001000111
00001001111111011010010000111
00001001111111011100010000111
00001001111111100001010010111
00001001111111100001010011011
00001001111111100001010011101
00001001111111100001010100111
00001001111111100001011000111
00001001111111100001100010111
00001001111111100001100011011
00001001111111100001100011101
00001001111111100001100100111
00001001111111100001101000111
00001001111111100001110000111
00001001111111100010001010111
00001001111111100010001011011
00001001111111100010001011101
00001001111111100010001100111
00001001111111100010001101011
00001001111111100010001101101
00001001111111100010001110011
00001001111111100010001110101
00001001111111100010010010111
00001001111111100010010011011
00001001111111100010010011101
00001001111111100010010100111
00001001111111100010011000111
00001001111111100010100010111
00001001111111100010100011011
00001001111111100010100011101
00001001111111100010100100111
00001001111111100010101000111
00001001111111100010110000111
00001001111111100011000010111
00001001111111100011000011011
00001001111111100011000011101
00001001111111100011000100111
00001001111111100011001000111
00001001111111100011010000111
00001001111111100100001010111
00001001111111100100001011011
00001001111111100100001011101
00001001111111100100001100111
00001001111111100100001101011
00001001111111100100001101101
00001001111111100100001110011
00001001111111100100001110101
00001001111111100100010010111
00001001111111100100010011011
00001001111111100100010011101
00001001111111100100010100111
00001001111111100100011000111
00001001111111100100100010111
00001001111111100100100011011
00001001111111100100100011101
00001001111111100100100100111
00001001111111100100101000111
00001001111111100100110000111
00001001111111100101000010111
00001001111111100101000011011
00001001111111100101000011101
00001001111111100101000100111
00001001111111100101001000111
00001001111111100101010000111
00001001111111100110001000111
00001001111111100110010000111
00001001111111101000010100111
00001001111111101000011000111
00001001111111101000100010111
00001001111111101000100011011
00001001111111101000100011101
00001001111111101000100100111
00001001111111101000101000111
00001001111111101000110000111
00001001111111101001000010111
00001001111111101001000011011
00001001111111101001000011101
00001001111111101001000100111
00001001111111101001001000111
00001001111111101001010000111
00001001111111101010001000111
00001001111111101010010000111
00001001111111101100010000111
00001001111111110000101000111
00001001111111110000110000111
00001001111111110001000010111
00001001111111110001000011011
00001001111111110001000011101
00001001111111110001000100111
00001001111111110001000111001
00001001111111110001001000111
00001001111111110001010000111
00001001111111110010000111001
00001001111111110010001000111
00001001111111110010010000111
00001001111111110100010000111
00001010001110001000111111111
00001010001110010000111111111
00001010001111110001111110001
00001010001111111110001000111
00001010001111111110010000111
00001010010111000100011111111
00001010010111001000011111111
00001010010111111110001000111
00001010010111111110010000111
00001010011011000100011111111
00001010011011001000011111111
00001010011011111110001000111
00001010011011111110010000111
00001010011100001010011111111
00001010011100001100011111111
00001010011100010000111111111
00001010011100010001011111111
00001010011100010001101111111
00001010011100010001110111111
00001010011100010001111110111
00001010011100010001111111011
00001010011100010001111111101
00001010011100010010011111111
00001010011100010100011111111
00001010011100011000011111111
00001010011100100001011111111
00001010011100100001101111111
00001010011100100001110111111
00001010011100100001111110111
00001010011100100001111111011
00001010011100100001111111101
00001010011100100010011111111
00001010011100100100011111111
00001010011100101000011111111
00001010011101000100011111111
00001010011101001000011111111
00001010011101111110001000111
00001010011101111110010000111
00001010011111101110001000111
00001010011111101110010000111
00001010011111110110001000111
00001010011111110110010000111
00001010011111111000011000111
00001010011111111000100010111
00001010011111111000100011011
00001010011111111000100011101
00001010011111111000100100111
00001010011111111000101000111
00001010011111111000110000111
00001010011111111001000010111
00001010011111111001000011011
00001010011111111001000011101
00001010011111111001000100111
00001010011111111001001000111
00001010011111111001010000111
00001010011111111010001000111
00001010011111111010010000111
00001010011111111100010000111
00001010100111000100011111111
00001010100111001000011111111
00001010100111111110001000111
00001010100111111110010000111
00001010111000011100001111111
00001010111000011111110000111
00001010111000100011111111001
00001010111001000011111111001
00001010111111100001110000111
00001010111111110001000111001
00001010111111110010000111001
00001011000111000100011111111
00001011000111001000011111111
00001011000111111110001000111
00001011000111111110010000111
00001011011000011100001111111
00001011011000011111110000111
00001011011000100011111111001
00001011011001000011111111001
00001011011111100001110000111
00001011011111110001000111001
00001011011111110010000111001
00001011100001011100001111111
00001011100001011111110000111
00001011100001100011111111001
00001011100001101100001111111
00001011100001101111110000111
00001011100001110000101111111
00001011100001110000110111111
00001011100001110000111011111
00001011100001110000111110111
00001011100001110000111111011
00001011100001110000111111101
00001011100001110001001111111
00001011100001110010001111111
00001011100001110100001111111
00001011100001110111110000111
00001011100001111101110000111
00001011100001111110110000111
00001011100001111111000011011
00001011100001111111000011101
00001011100001111111000100111
00001011100001111111001000111
00001011100001111111010000111
00001011100010000111111111001
00001011100010001011111111001
00001011100010001101111111001
00001011100010001110111111001
00001011100010001111110111001
00001011100010001111111011001
00001011100010001111111100011
00001011100010001111111100101
00001011100010001111111101001
00001011100010001111111110001
00001011100010010011111111001
00001011100010011100001111111
00001011100010011111110000111
00001011100010100011111111001
00001011100011000011111111001
00001011100100001011111111001
00001011100100001101111111001
00001011100100001110111111001
00001011100100001111110111001
00001011100100001111111011001
00001011100100001111111100011
00001011100100001111111100101
00001011100100001111111101001
00001011100100001111111110001
00001011100100010011111111001
00001011100100011100001111111
00001011100100011111110000111
00001011100100100011111111001
00001011100101000011111111001
00001011101000011100001111111
00001011101000011111110000111
00001011101000100011111111001
00001011101001000011111111001
00001011101111100001110000111
00001011101111110001000111001
00001011101111110010000111001
00001011111011100001110000111
00001011111101100001110000111
00001011111101110001000111001
00001011111101110010000111001
00001011111110000110110000111
00001011111110000111000011011
00001011111110000111000011101
00001011111110000111000100111
00001011111110000111001000111
00001011111110000111010000111
00001011111110001001110000111
00001011111110010001110000111
00001011111110100001110000111
00001011111110110001000111001
00001011111110110010000111001
00001011111111000011000111001
00001011111111000100010111001
00001011111111000100011011001
00001011111111000100011100011
00001011111111000100011100101
00001011111111000100011101001
00001011111111000100100111001
00001011111111000101000111001
00001011111111000110000111001
00001011111111001000011011001
00001011111111001000011100011
00001011111111001000011100101
00001011111111001000011101001
00001011111111001000100111001
00001011111111001001000111001
00001011111111001010000111001
00001011111111010001000111001
00001011111111010010000111001
00001011111111100010000111001
00001011111111100010001110001
00001011111111100100001110001
00001100001110001000111111111
00001100001110010000111111111
00001100001111111110001000111
00001100001111111110010000111
00001100010111000100011111111
00001100010111001000011111111
00001100010111111110001000111
00001100010111111110010000111
00001100011011000100011111111
00001100011011001000011111111
00001100011011111110001000111
00001100011011111110010000111
00001100011100001100011111111
00001100011100010000111111111
00001100011100010001011111111
00001100011100010001101111111
00001100011100010001110111111
00001100011100010001111110111
00001100011100010001111111011
00001100011100010001111111101
00001100011100010010011111111
00001100011100010100011111111
00001100011100011000011111111
00001100011100100001101111111
00001100011100100001110111111
00001100011100100001111110111
00001100011100100001111111011
00001100011100100001111111101
00001100011100100010011111111
00001100011100100100011111111
00001100011100101000011111111
00001100011101000100011111111
00001100011101001000011111111
00001100011101111110001000111
00001100011101111110010000111
00001100011111101110001000111
00001100011111101110010000111
00001100011111110110001000111
00001100011111110110010000111
00001100011111111000100010111
00001100011111111000100011011
00001100011111111000100011101
00001100011111111000100100111
00001100011111111000101000111
00001100011111111000110000111
00001100011111111001000011011
00001100011111111001000011101
00001100011111111001000100111
00001100011111111001001000111
00001100011111111001010000111
00001100011111111010001000111
00001100011111111010010000111
00001100011111111100010000111
00001100100111000100011111111
00001100100111001000011111111
00001100100111111110001000111
00001100100111111110010000111
00001100111000011100001111111
00001100111000011111110000111
00001100111000100011111111001
00001100111001000011111111001
00001100111111100001110000111
00001100111111110001000111001
00001100111111110010000111001
00001101000111000100011111111
00001101000111001000011111111
00001101000111111110001000111
00001101000111111110010000111
00001101011000011100001111111
00001101011000011111110000111
00001101011000100011111111001
00001101011001000011111111001
00001101011111100001110000111
00001101011111110001000111001
00001101011111110010000111001
00001101100001101100001111111
00001101100001101111110000111
00001101100001110000110111111
00001101100001110000111011111
00001101100001110000111110111
00001101100001110000111111011
00001101100001110000111111101
00001101100001110001001111111
00001101100001110010001111111
00001101100001110100001111111
00001101100001110111110000111
00001101100001111101110000111
00001101100001111110110000111
00001101100001111111000011101
00001101100001111111000100111
00001101100001111111001000111
00001101100001111111010000111
00001101100010000111111111001
00001101100010001011111111001
00001101100010001101111111001
00001101100010001110111111001
00001101100010001111110111001
00001101100010001111111011001
00001101100010001111111100011
00001101100010001111111100101
00001101100010001111111101001
00001101100010001111111110001
00001101100010010011111111001
00001101100010011100001111111
00001101100010011111110000111
00001101100010100011111111001
00001101100011000011111111001
00001101100100001101111111001
00001101100100001110111111001
00001101100100001111110111001
00001101100100001111111011001
00001101100100001111111100011
00001101100100001111111100101
00001101100100001111111101001
00001101100100001111111110001
00001101100100010011111111001
00001101100100011100001111111
00001101100100011111110000111
00001101100100100011111111001
00001101100101000011111111001
00001101101000011100001111111
00001101101000011111110000111
00001101101000100011111111001
00001101101001000011111111001
00001101101111100001110000111
00001101101111110001000111001
00001101101111110010000111001
00001101111011100001110000111
00001101111101100001110000111
00001101111101110001000111001
00001101111101110010000111001
00001101111110000111000011101
00001101111110000111000100111
00001101111110000111001000111
00001101111110000111010000111
00001101111110001001110000111
00001101111110010001110000111
00001101111110100001110000111
00001101111110110001000111001
00001101111110110010000111001
00001101111111000100010111001
00001101111111000100011011001
00001101111111000100011100011
00001101111111000100011100101
00001101111111000100011101001
00001101111111000100100111001
00001101111111000101000111001
00001101111111000110000111001
00001101111111001000011100011
00001101111111001000011100101
00001101111111001000011101001
00001101111111001000100111001
00001101111111001001000111001
00001101111111001010000111001
00001101111111010001000111001
00001101111111010010000111001
00001101111111100010000111001
00001101111111100010001110001
00001101111111100100001110001
00001110000111000011100111111
00001110000111000011101011111
00001110000111000011101110111
00001110000111000011101111011
00001110000111000011101111101
00001110000111000011111010111
00001110000111000011111011011
00001110000111000011111011101
00001110000111000011111100111
00001110000111000011111101011
00001110000111000011111101101
00001110000111000011111110011
00001110000111000011111110101
00001110000111000011111111001
00001110000111000100011111111
00001110000111000100101111111
00001110000111000100110111111
00001110000111000100111011111
00001110000111000100111110111
00001110000111000100111111011
00001110000111000100111111101
00001110000111000101001111111
00001110000111000110001111111
00001110000111001000011111111
00001110000111001000101111111
00001110000111001000110111111
00001110000111001000111011111
00001110000111001000111110111
00001110000111001000111111011
00001110000111001000111111101
00001110000111001001001111111
00001110000111001010001111111
00001110000111001100001111111
00001110000111010000111011111
00001110000111010000111110111
00001110000111010000111111011
00001110000111010000111111101
00001110000111010001001111111
00001110000111010010001111111
00001110000111010100001111111
00001110000111011111000011101
00001110000111011111000100111
00001110000111011111001000111
00001110000111110111000011101
00001110000111110111000100111
00001110000111110111001000111
00001110000111111011000011101
00001110000111111011000100111
00001110000111111011001000111
00001110000111111100001110011
00001110000111111100001110101
00001110000111111100010010111
00001110000111111100010011011
00001110000111111100010011101
00001110000111111100010100111
00001110000111111100011000111
00001110000111111100100010111
00001110000111111100100011011
00001110000111111100100011101
00001110000111111100100100111
00001110000111111100101000111
00001110000111111101000011101
00001110000111111101000100111
00001110000111111101001000111
00001110000111111110000111001
00001110000111111110001000111
00001110001000011101111111001
00001110001000011110111111001
00001110001000011111110111001
00001110001000011111111011001
00001110001000011111111100011
00001110001000011111111100101
00001110001000011111111101001
00001110001000011111111110001
00001110001000100111111111001
00001110001000101011111111001
00001110001000101101111111001
00001110001000101110111111001
00001110001000101111110111001
00001110001000101111111011001
00001110001000101111111100011
00001110001000101111111100101
00001110001000101111111101001
00001110001000101111111110001
00001110001000110011111111001
00001110001000110101111111001
00001110001000110110111111001
00001110001000110111110111001
00001110001000110111111011001
00001110001000110111111100011
00001110001000110111111100101
00001110001000110111111101001
00001110001000110111111110001
00001110001000111000011111111
00001110001000111001111111001
00001110001000111010111111001
00001110001000111011110111001
00001110001000111011111011001
00001110001000111011111100011
00001110001000111011111100101
00001110001000111011111101001
00001110001000111011111110001
00001110001000111111010111001
00001110001000111111011011001
00001110001000111111011100011
00001110001000111111011100101
00001110001000111111011101001
00001110001000111111011110001
00001110001000111111100111001
00001110001000111111101011001
00001110001000111111101100011
00001110001000111111101100101
00001110001000111111101101001
00001110001000111111101110001
00001110001000111111110001011
00001110001000111111110001101
00001110001000111111110010011
00001110001000111111110010101
00001110001000111111110011001
00001110001000111111110100011
00001110001000111111110100101
00001110001000111111110101001
00001110001000111111110110001
00001110001000111111111000101
00001110001000111111111001001
00001110001000111111111010001
00001110001001000111111111001
00001110001001001011111111001
00001110001001001101111111001
00001110001001001110111111001
00001110001001001111110111001
00001110001001001111111011001
00001110001001001111111100011
00001110001001001111111100101
00001110001001001111111101001
00001110001001001111111110001
00001110001001010011111111001
00001110001001011100001111111
00001110001001100011111111001
00001110001001101100001111111
00001110001001110000111011111
00001110001001110000111110111
00001110001001110000111111011
00001110001001110000111111101
00001110001001110001001111111
00001110001001110010001111111
00001110001001110100001111111
00001110001001111111000011101
00001110001001111111000100111
00001110001001111111001000111
00001110001010000111111111001
00001110001010001011111111001
00001110001010001101111111001
00001110001010001110111111001
00001110001010001111110111001
00001110001010001111111011001
00001110001010001111111100011
00001110001010001111111100101
00001110001010001111111101001
00001110001010001111111110001
00001110001010010011111111001
00001110001010011100001111111
00001110001010100011111111001
00001110001011000011111111001
00001110001100001110111111001
00001110001100001111110111001
00001110001100001111111011001
00001110001100001111111100011
00001110001100001111111100101
00001110001100001111111101001
00001110001100001111111110001
00001110001100010011111111001
00001110001100011100001111111
00001110001100100011111111001
00001110001101000011111111001
00001110010000111001111111001
00001110010000111010111111001
00001110010000111011110111001
00001110010000111011111011001
00001110010000111011111100011
00001110010000111011111100101
00001110010000111011111101001
00001110010000111011111110001
00001110010000111111010111001
00001110010000111111011011001
00001110010000111111011100011
00001110010000111111011100101
00001110010000111111011101001
00001110010000111111011110001
00001110010000111111100111001
00001110010000111111101011001
00001110010000111111101100011
00001110010000111111101100101
00001110010000111111101101001
00001110010000111111101110001
00001110010000111111110001011
00001110010000111111110001101
00001110010000111111110010011
00001110010000111111110010101
00001110010000111111110011001
00001110010000111111110100011
00001110010000111111110100101
00001110010000111111110101001
00001110010000111111110110001
00001110010000111111111000101
00001110010000111111111001001
00001110010000111111111010001
00001110010001000111111111001
00001110010001001011111111001
00001110010001001101111111001
00001110010001001110111111001
00001110010001001111110111001
00001110010001001111111011001
00001110010001001111111100011
00001110010001001111111100101
00001110010001001111111101001
00001110010001001111111110001
00001110010001010011111111001
00001110010001011100001111111
00001110010001100011111111001
00001110010001101100001111111
00001110010001110000111011111
00001110010001110000111110111
00001110010001110000111111011
00001110010001110000111111101
00001110010001110001001111111
00001110010001110010001111111
00001110010001110100001111111
00001110010001111111000011101
00001110010001111111000100111
00001110010001111111001000111
00001110010010000111111111001
00001110010010001011111111001
00001110010010001101111111001
00001110010010001110111111001
00001110010010001111110111001
00001110010010001111111011001
00001110010010001111111100011
00001110010010001111111100101
00001110010010001111111101001
00001110010010001111111110001
00001110010010010011111111001
00001110010010011100001111111
00001110010010100011111111001
00001110010011000011111111001
00001110010100001110111111001
00001110010100001111110111001
00001110010100001111111011001
00001110010100001111111100011
00001110010100001111111100101
00001110010100001111111101001
00001110010100001111111110001
00001110010100010011111111001
00001110010100011100001111111
00001110010100100011111111001
00001110010101000011111111001
00001110011000100011111111001
00001110011001000011111111001
00001110011111110001000111001
00001110100001110100001111111
00001110100001111111000100111
00001110100001111111001000111
00001110100010000111111111001
00001110100010001011111111001
00001110100010001101111111001
00001110100010001110111111001
00001110100010001111110111001
00001110100010001111111011001
00001110100010001111111100011
00001110100010001111111100101
00001110100010001111111101001
00001110100010001111111110001
00001110100010010011111111001
00001110100010011100001111111
00001110100010100011111111001
00001110100011000011111111001
00001110100100001110111111001
00001110100100001111110111001
00001110100100001111111011001
00001110100100001111111100011
00001110100100001111111100101
00001110100100001111111101001
00001110100100001111111110001
00001110100100010011111111001
00001110100100011100001111111
00001110100100100011111111001
00001110100101000011111111001
00001110101000100011111111001
00001110101001000011111111001
00001110101111110001000111001
00001110111101110001000111001
00001110111110110001000111001
00001110111111000100010111001
00001110111111000100011011001
00001110111111000100011100011
00001110111111000100011100101
00001110111111000100011101001
00001110111111000100100111001
00001110111111000101000111001
00001110111111001000100111001
00001110111111001001000111001
00001110111111010001000111001
00001110111111100010001110001
00001111000100001111111110001
00001111011111100010001110001
00001111110101110001000111001
00001111110110110001000111001
00001111110111000100010111001
00001111110111000100011011001
00001111110111000100011100011
00001111110111000100011100101
00001111110111000100011101001
00001111110111000100100111001
00001111110111000101000111001
00001111110111001000100111001
00001111110111001001000111001
00001111110111010001000111001
00001111111000100111000100111
00001111111000100111001000111
00001111111001000111000100111
00001111111001000111001000111
00001111111001110001000111001
00001111111010110001000111001
00001111111011000100010111001
00001111111011000100011011001
00001111111011000100011100011
00001111111011000100011100101
00001111111011000100011101001
00001111111011000100100111001
00001111111011000101000111001
00001111111011001000100111001
00001111111011001001000111001
00001111111011010001000111001
00001111111011100010001110001
00001111111100010001010111001
00001111111100010001011011001
00001111111100010001011100011
00001111111100010001011100101
00001111111100010001011101001
00001111111100010001100111001
00001111111100010001101011001
00001111111100010001101100011
00001111111100010001101100101
00001111111100010001101101001
00001111111100010001110001011
00001111111100010001110001101
00001111111100010001110010011
00001111111100010001110010101
00001111111100010001110011001
00001111111100010001110100011
00001111111100010001110100101
00001111111100010001110101001
00001111111100010010010111001
00001111111100010010011011001
00001111111100010010011100011
00001111111100010010011100101
00001111111100010010011101001
00001111111100010010100111001
00001111111100010011000111001
00001111111100010100010111001
00001111111100010100011011001
00001111111100010100011100011
00001111111100010100011100101
00001111111100010100011101001
00001111111100010100100111001
00001111111100010101000111001
00001111111100011000100111001
00001111111100011001000111001
00001111111100100010010111001
00001111111100100010011011001
00001111111100100010011100011
00001111111100100010011100101
00001111111100100010011101001
00001111111100100010100111001
00001111111100100011000111001
00001111111100100100010111001
00001111111100100100011011001
00001111111100100100011100011
00001111111100100100011100101
00001111111100100100011101001
00001111111100100100100111001
00001111111100100101000111001
00001111111100101000100111001
00001111111100101001000111001
00001111111100110001000111001
00001111111101000100010111001
00001111111101000100011011001
00001111111101000100011100011
00001111111101000100011100101
00001111111101000100011101001
00001111111101000100100111001
00001111111101000101000111001
00001111111101001000100111001
00001111111101001001000111001
00001111111101010001000111001
00001111111101100010001110001
00001111111110001000100111001
00001111111110001000101110001
00001111111110001000110110001
00001111111110001000111000101
00001111111110001000111001001
00001111111110001000111010001
00001111111110001001000111001
00001111111110001001001110001
00001111111110001010001110001
00001111111110010001000111001
00001111111110010001001110001
00001111111110010010001110001
00001111111110100010001110001
00010001001110001000111111111
00010001001111111110001000111
00010001010111000100011111111
00010001010111111110001000111
00010001011011000100011111111
00010001011011111110001000111
00010001011100010001011111111
00010001011100010001101111111
00010001011100010001110111111
00010001011100010001111110111
00010001011100010001111111011
00010001011100010001111111101
00010001011100010010011111111
00010001011100010100011111111
00010001011100100010011111111
00010001011100100100011111111
00010001011101000100011111111
00010001011101111110001000111
00010001011111101110001000111
00010001011111110110001000111
00010001011111111000100011011
00010001011111111000100011101
00010001011111111000100100111
00010001011111111000101000111
00010001011111111001000100111
00010001011111111001001000111
00010001011111111010001000111
00010001100111000100011111111
00010001100111111110001000111
00010001101011000100011111111
00010001101011111110001000111
00010001101100010001101111111
00010001101100010001110111111
00010001101100010001111110111
00010001101100010001111111011
00010001101100010001111111101
00010001101100010010011111111
00010001101100010100011111111
00010001101100100010011111111
00010001101100100100011111111
00010001101101000100011111111
00010001101101111110001000111
00010001101111101110001000111
00010001101111110110001000111
00010001101111111000100011101
00010001101111111000100100111
00010001101111111000101000111
00010001101111111001000100111
00010001101111111001001000111
00010001101111111010001000111
00010001110001000111001111111
00010001110001000111010111111
00010001110001000111011110111
00010001110001000111011111011
00010001110001000111011111101
00010001110001000111111010111
00010001110001000111111011011
00010001110001000111111011101
00010001110001000111111100111
00010001110001000111111101011
00010001110001000111111101101
00010001110001000111111110011
00010001110001000111111110101
00010001110001000111111111001
00010001110001001000111111111
00010001110001001001011111111
00010001110001001001101111111
00010001110001001001110111111
00010001110001001001111110111
00010001110001001001111111011
00010001110001001001111111101
00010001110001001010011111111
00010001110001001100011111111
00010001110001010001011111111
00010001110001010001101111111
00010001110001010001110111111
00010001110001010001111110111
00010001110001010001111111011
00010001110001010001111111101
00010001110001010010011111111
00010001110001010100011111111
00010001110001100010011111111
00010001110001100100011111111
00010001110010001000111111111
00010001110010001001011111111
00010001110010001001101111111
00010001110010001001110111111
00010001110010001001111110111
00010001110010001001111111011
00010001110010001001111111101
00010001110010001010011111111
00010001110010001100011111111
00010001110010010001011111111
00010001110010010001101111111
00010001110010010001110111111
00010001110010010001111110111
00010001110010010001111111011
00010001110010010001111111101
00010001110010010010011111111
00010001110010010100011111111
00010001110010100010011111111
00010001110010100100011111111
00010001110011000100011111111
00010001110100010001110111111
00010001110100010001111110111
00010001110100010001111111011
00010001110100010001111111101
00010001110100010010011111111
00010001110100010100011111111
00010001110100100010011111111
00010001110100100100011111111
00010001110101000100011111111
00010001110111111000100100111
00010001110111111000101000111
00010001110111111001000100111
00010001110111111001001000111
00010001111110111000100100111
00010001111110111000101000111
00010001111110111001000100111
00010001111110111001001000111
00010001111111011000100100111
00010001111111011000101000111
00010001111111011001000100111
00010001111111011001001000111
00010001111111100010010010111
00010001111111100010010011011
00010001111111100010010011101
00010001111111100010010100111
00010001111111100010011000111
00010001111111100010100010111
00010001111111100010100011011
00010001111111100010100011101
00010001111111100010100100111
00010001111111100010101000111
00010001111111100011000100111
00010001111111100011001000111
00010001111111100100010010111
00010001111111100100010011011
00010001111111100100010011101
00010001111111100100010100111
00010001111111100100011000111
00010001111111100100100010111
00010001111111100100100011011
00010001111111100100100011101
00010001111111100100100100111
00010001111111100100101000111
00010001111111100101000100111
00010001111111100101001000111
00010001111111101000100100111
00010001111111101000101000111
00010001111111101001000100111
00010001111111101001001000111
00010001111111110001001000111
00010010011100010010011111111
00010010011100010100011111111
00010010011100100010011111111
00010010011100100100011111111
00010010011111111000101000111
00010010011111111001000100111
00010010011111111001001000111
00010011100010100011111111001
00010011100100010011111111001
00010011100100100011111111001
00010011111111000101000111001
00010011111111001001000111001
00010100011100010100011111111
00010100011100100100011111111
00010100011111111001001000111
00011100100100011111111001001
